full_name,team,position,grp,points,qb,rush,recv,def,base,snap_pct,rot_w,years_exp
Josh Allen,BUF,QB,QB,5.89,3.99,0.95,0.01,0.0,0.94,0.9353141000649772,1.0,8
Brock Purdy,SF,QB,QB,5.8,4.19,0.67,0.0,0.0,0.94,0.944468083528059,1.0,4
Jordan Love,GB,QB,QB,5.05,4.14,0.06,0.0,0.0,0.84,0.844961013645224,1.0,6
Lamar Jackson,BAL,QB,QB,4.91,3.51,0.42,0.04,0.0,0.94,0.9431893837156995,1.0,8
Patrick Mahomes,KC,QB,QB,4.51,3.7,0.02,-0.19,0.0,0.98,0.9818609022556392,1.0,9
Jalen Hurts,PHI,QB,QB,4.46,2.91,0.62,-0.03,0.0,0.96,0.9606139299774491,1.0,6
Dak Prescott,DAL,QB,QB,4.44,3.64,-0.14,0.0,0.0,0.94,0.9408844278452122,1.0,10
Joe Burrow,CIN,QB,QB,4.41,3.12,0.36,0.0,0.0,0.93,0.9322491916064671,1.0,6
Jared Goff,DET,QB,QB,4.16,3.74,-0.64,0.08,0.0,0.98,0.9842261126672892,1.0,10
Matthew Stafford,LA,QB,QB,4.03,3.63,-0.6,0.02,0.0,0.99,0.9859567901234568,1.0,17
Bo Nix,DEN,QB,QB,3.72,2.57,0.02,0.14,0.0,0.99,0.9937499999999999,1.0,2
Jayden Daniels,WAS,QB,QB,3.72,2.71,0.1,0.0,0.0,0.91,0.9092857142857141,1.0,2
Justin Herbert,LAC,QB,QB,3.7,2.6,0.12,0.01,0.0,0.97,0.9720221216691804,1.0,6
Sam Darnold,SEA,QB,QB,3.62,3.11,-0.34,0.0,0.0,0.85,0.8548518518518518,1.0,8
Baker Mayfield,TB,QB,QB,3.45,2.64,-0.16,0.0,0.0,0.98,0.9766214555997839,1.0,8
Daniel Jones,IND,QB,QB,3.45,2.03,0.49,0.01,0.0,0.92,0.9226420789087454,1.0,7
Will Anderson Jr.,HOU,DL,DL,3.43,0.0,0.0,0.0,3.07,0.36,0.6544230769230769,0.8,3
Puka Nacua,LA,WR,WR,3.43,0.0,0.52,2.65,0.0,0.26,0.7406488690496787,0.85,3
Drake Maye,NE,QB,QB,3.38,3.33,-0.65,-0.2,0.0,0.91,0.9053021978021978,1.0,2
T.J. Watt,PIT,LB,LB,3.27,0.0,0.0,0.0,2.93,0.33,0.8305823529411764,0.9,9
Myles Garrett,LA,DL,DL,3.23,0.0,0.0,0.0,2.79,0.44,0.8011437908496732,0.8,9
Danielle Hunter,HOU,DL,DL,3.17,0.0,0.0,0.0,2.76,0.41,0.7487257031467558,0.75,11
Caleb Williams,CHI,QB,QB,3.14,2.12,-0.39,0.42,0.0,0.99,0.9901044891640866,1.0,2
Tua Tagovailoa,ATL,QB,QB,3.11,3.11,-0.95,0.0,0.0,0.95,0.9525197148530482,1.0,6
Trevor Lawrence,JAX,QB,QB,3.11,2.24,-0.07,0.0,0.0,0.95,0.9496914239574971,1.0,5
Kyler Murray,MIN,QB,QB,3.1,2.09,0.04,0.0,0.0,0.97,0.974988304614775,1.0,7
C.J. Stroud,HOU,QB,QB,3.02,2.18,-0.04,-0.06,0.0,0.94,0.9376667063586568,1.0,3
Aidan Hutchinson,DET,DL,DL,3.01,0.0,0.0,0.0,2.52,0.48,0.8771019151846783,0.8,4
Jaxson Dart,NYG,QB,QB,2.88,1.67,0.38,0.0,0.0,0.84,0.8364285714285715,1.0,1
Mac Jones,SF,QB,QB,2.84,2.01,0.04,0.0,0.0,0.79,0.7876539361872695,0.0,5
Kirk Cousins,LV,QB,QB,2.8,2.19,-0.27,-0.04,0.0,0.93,0.9251115520282186,1.0,14
Maxx Crosby,LV,DL,DL,2.73,0.0,0.0,0.0,2.21,0.52,0.9474074074074075,0.8,7
Montez Sweat,CHI,DL,DL,2.71,0.0,0.0,0.0,2.32,0.38,0.6938459580323356,0.8,7
Micah Parsons,GB,LB,LB,2.71,0.0,0.0,0.0,2.39,0.32,0.799804262625728,0.9,5
Brian Burns,NYG,LB,LB,2.66,0.0,0.0,0.0,2.34,0.32,0.7954338235294118,0.9,7
Nick Herbig,PIT,LB,LB,2.62,0.0,0.0,0.0,2.43,0.19,0.4782763532763532,0.75,3
Josh Sweat,ARI,LB,LB,2.6,0.0,0.0,0.0,2.37,0.23,0.5770733287467033,0.9,8
Trey Hendrickson,BAL,DL,DL,2.59,0.0,0.0,0.0,2.24,0.36,0.6473900612096691,0.8,9
Nik Bonitto,DEN,LB,LB,2.58,0.0,0.0,0.0,2.35,0.23,0.5681721746226028,0.9,4
Rashan Gary,DAL,DL,DL,2.56,0.0,0.0,0.0,2.22,0.34,0.6099964835836867,0.8,7
Kerby Joseph,DET,DB,DB,2.54,0.0,0.0,0.0,2.09,0.45,0.9049437604499164,0.92,4
Tuli Tuipulotu,LAC,LB,LB,2.54,0.0,0.0,0.0,2.25,0.29,0.7320361990950227,0.9,3
Cobie Durant,DAL,DB,DB,2.53,0.0,0.0,0.0,2.19,0.34,0.6896074923708303,0.92,4
Nick Bosa,SF,DL,DL,2.52,0.0,0.0,0.0,2.13,0.39,0.7147426900584795,0.8,7
Bradley Chubb,BUF,LB,LB,2.51,0.0,0.0,0.0,2.23,0.29,0.7188165266106444,0.9,8
Michael Penix Jr.,ATL,QB,QB,2.49,1.8,-0.15,0.0,0.0,0.83,0.8316388888888888,0.0,2
Jeffery Simmons,TEN,DL,DL,2.49,0.0,0.0,0.01,2.03,0.45,0.8165703703703703,0.8,7
Will McDonald IV,NYJ,DL,DL,2.48,0.0,0.0,0.0,2.16,0.31,0.5710135746606335,0.8,3
Carl Granderson,NO,LB,LB,2.48,0.0,0.0,0.0,2.21,0.27,0.6780647058823528,0.9,7
Dallas Turner,MIN,LB,LB,2.48,0.0,0.0,0.0,2.28,0.2,0.5125,0.9,2
Aaron Rodgers,PIT,QB,QB,2.44,1.81,-0.06,-0.13,0.0,0.82,0.8196209150326799,1.0,21
Malik Willis,MIA,QB,QB,2.42,2.18,-0.15,0.0,0.0,0.39,0.3909246954595792,1.0,4
Odafe Oweh,WAS,LB,LB,2.42,0.0,0.0,0.0,2.21,0.2,0.5112233918128655,0.9,5
Tyler Shough,NO,QB,QB,2.37,1.54,-0.01,0.0,0.0,0.83,0.8345454545454545,1.0,1
Alex Highsmith,PIT,LB,LB,2.36,0.0,0.0,0.0,2.05,0.31,0.7665737109658678,0.45,6
Kevin Byard,NE,DB,DB,2.35,0.0,0.0,0.0,1.85,0.5,0.9916612773764477,0.92,10
James Pearce Jr.,ATL,LB,LB,2.31,0.0,0.0,0.0,2.1,0.21,0.5305882352941176,0.9,1
Laiatu Latu,IND,DL,DL,2.29,0.0,0.0,0.0,1.94,0.35,0.632049632352941,0.8,2
Marlon Humphrey,BAL,DB,DB,2.28,0.0,0.0,0.0,1.84,0.43,0.8640224466891132,0.92,9
Greg Rousseau,BUF,DL,DL,2.28,0.0,0.0,0.0,1.92,0.36,0.6614072774528914,0.8,5
Josh Hines-Allen,JAX,DL,DL,2.25,0.0,0.0,0.0,1.82,0.42,0.7674186159844054,0.8,7
Chase Young,NO,LB,LB,2.24,0.0,0.0,0.0,1.97,0.27,0.6809265756985056,0.75,6
Jared Verse,CLE,LB,LB,2.22,0.0,0.0,0.0,1.91,0.3,0.7555427631578948,0.9,2
Amon-Ra St. Brown,DET,WR,WR,2.2,0.03,0.2,1.63,0.04,0.3,0.8582704391698199,0.85,5
Calen Bullock,HOU,DB,DB,2.19,0.0,0.0,0.0,1.73,0.47,0.9305921052631579,0.92,2
Antoine Winfield Jr.,TB,DB,DB,2.17,0.0,0.0,0.0,1.7,0.48,0.9571700886202432,0.92,6
Kobie Turner,LA,DL,DL,2.16,0.0,0.0,0.0,1.78,0.37,0.6791467986204828,0.75,3
Geno Stone,BUF,DB,DB,2.14,0.0,0.0,0.0,1.72,0.42,0.8380102281848412,0.92,6
Andrew Van Ginkel,MIN,LB,LB,2.14,0.0,0.0,0.0,1.85,0.29,0.7179288307915758,0.75,7
Chris Jones,KC,DL,DL,2.12,0.0,0.0,0.0,1.7,0.42,0.7598893246187364,0.8,10
Ernest Jones,SEA,LB,LB,2.12,0.0,0.0,0.0,1.76,0.36,0.8981542302106027,0.9,5
Marcus Mariota,WAS,QB,QB,2.11,1.62,-0.04,0.0,0.0,0.52,0.5208797979797981,0.0,11
Khalil Mack,LAC,LB,LB,2.11,0.0,0.0,0.0,1.84,0.27,0.669372197882002,0.75,12
Jameis Winston,NYG,QB,QB,2.1,0.91,0.32,0.25,0.0,0.61,0.6088994708994709,0.0,11
Jessie Bates,ATL,DB,DB,2.09,0.0,0.0,0.0,1.6,0.49,0.9861816305469555,0.92,8
C.J. Gardner-Johnson,BUF,DB,DB,2.07,0.0,0.0,0.0,1.64,0.43,0.8683439153439153,0.88,7
Jonathan Greenard,PHI,LB,LB,2.07,0.0,0.0,0.0,1.78,0.28,0.7119215686274509,0.9,6
Leonard Williams,SEA,DL,DL,2.04,0.0,0.0,0.0,1.64,0.4,0.7226034339661791,0.8,11
Jaxon Smith-Njigba,SEA,WR,WR,2.04,0.09,0.0,1.68,0.0,0.27,0.7768476621417797,0.85,3
Kyle Hamilton,BAL,DB,DB,2.03,0.0,0.0,0.0,1.58,0.45,0.9014930880552954,0.88,4
Marcus Jones,NE,DB,DB,2.03,0.0,0.0,0.17,1.56,0.3,0.5971960132890365,0.82,4
Harold Landry III,NE,LB,LB,2.03,0.0,0.0,0.0,1.74,0.29,0.7373935915829745,0.9,8
Ed Oliver,BUF,DL,DL,2.02,0.0,0.0,0.0,1.7,0.33,0.5958569582998889,0.75,7
Justin Fields,KC,QB,QB,2.0,1.02,0.22,-0.06,0.0,0.82,0.8247706466373133,0.0,5
Camryn Bynum,IND,DB,DB,2.0,0.0,0.0,0.0,1.54,0.45,0.9089069405539996,0.92,5
Michael Danna,BUF,DL,DL,2.0,0.0,0.0,0.0,1.72,0.29,0.5264074074074074,0.65,6
Mike Sainristil,WAS,DB,DB,1.99,0.0,0.0,0.0,1.54,0.45,0.8998933823529411,0.92,2
Byron Murphy,MIN,DB,DB,1.98,0.0,0.0,0.0,1.49,0.48,0.9694219317356573,0.92,7
Braden Fiske,LA,DL,DL,1.98,0.0,0.0,0.0,1.69,0.29,0.5195065789473684,0.65,2
DeMarcus Lawrence,SEA,LB,LB,1.98,0.0,0.0,0.0,1.74,0.24,0.5994883040935672,0.75,12
Devin Lloyd,CAR,LB,LB,1.97,0.0,0.0,0.0,1.65,0.32,0.7954898000815992,0.9,4
K'Lavon Chaisson,WAS,LB,LB,1.97,0.0,0.0,0.0,1.77,0.21,0.5155111903347198,0.45,6
Jaycee Horn,CAR,DB,DB,1.96,0.0,0.0,0.0,1.5,0.46,0.92223546170605,0.92,5
Jalyx Hunt,PHI,LB,LB,1.96,0.0,0.0,0.0,1.77,0.19,0.4796666666666667,0.45,2
Derek Stingley Jr.,HOU,DB,DB,1.93,0.0,0.0,0.0,1.47,0.46,0.9196181569008987,0.88,4
Julian Love,SEA,DB,DB,1.93,0.0,0.15,0.0,1.34,0.44,0.8809422327853701,0.92,7
George Pickens,DAL,WR,WR,1.93,0.0,-0.01,1.65,0.0,0.28,0.8134205806353548,0.85,4
George Karlaftis,KC,DL,DL,1.92,0.0,0.0,0.0,1.49,0.42,0.7717246022031825,0.75,4
Xavier McKinney,GB,DB,DB,1.91,0.0,0.0,0.0,1.41,0.5,0.9913408595761537,0.92,6
Zach Sieler,MIA,DL,DL,1.91,0.0,0.0,0.0,1.5,0.41,0.7482254175744374,0.8,8
Donte Jackson,LAC,DB,DB,1.91,0.0,0.0,0.0,1.55,0.36,0.7193626543209874,0.88,8
Zack Baun,PHI,LB,LB,1.91,0.0,0.0,0.0,1.61,0.3,0.7472084464555051,0.75,6
Byron Young,LA,LB,LB,1.9,0.0,0.0,0.0,1.59,0.3,0.759408457040036,0.9,3
Frankie Luvu,WAS,LB,LB,1.88,0.0,0.0,0.0,1.51,0.37,0.9322296296296295,0.75,8
Minkah Fitzpatrick,NYJ,DB,DB,1.87,0.0,0.0,0.0,1.4,0.47,0.9469137198313669,0.92,8
Carlton Davis III,NE,DB,DB,1.87,0.0,0.0,0.0,1.42,0.45,0.8964957264957264,0.88,8
Reed Blankenship,HOU,DB,DB,1.87,0.0,0.0,0.0,1.42,0.44,0.887642044709796,0.82,4
DeForest Buckner,IND,DL,DL,1.87,0.0,0.0,0.0,1.48,0.4,0.719346405228758,0.75,10
Kaden Elliss,NO,LB,LB,1.86,0.0,0.0,0.0,1.49,0.36,0.9119547511312217,0.45,7
Tyree Wilson,NO,DL,DL,1.86,0.0,0.0,0.0,1.62,0.24,0.4412669683257918,0.75,3
Derrick Brown,CAR,DL,DL,1.85,0.0,0.0,0.0,1.4,0.45,0.8220526506899056,0.8,6
Jalen Carter,PHI,DL,DL,1.85,0.0,0.0,0.0,1.41,0.44,0.7912669683257918,0.8,3
Nakobe Dean,LV,LB,LB,1.85,0.0,0.0,0.0,1.6,0.25,0.6372346723044396,0.9,4
Tyrice Knight,SEA,LB,LB,1.85,0.0,0.0,0.0,1.71,0.14,0.36161595394736845,0.45,2
Grant Delpit,CLE,DB,DB,1.83,0.0,0.0,0.0,1.35,0.47,0.9454102564102563,0.92,6
Travon Walker,JAX,DL,DL,1.83,0.0,0.0,0.0,1.45,0.38,0.6969037847697218,0.75,4
Robert Spillane,NE,LB,LB,1.83,0.0,0.0,0.0,1.47,0.36,0.8918366013071893,0.75,8
Jaylinn Hawkins,BAL,DB,DB,1.83,0.0,0.0,0.0,1.49,0.34,0.6881809302668432,0.82,6
Sheldon Rankins,HOU,DL,DL,1.82,0.0,0.0,0.0,1.49,0.33,0.597316092518879,0.65,10
Jalon Walker,ATL,LB,LB,1.82,0.0,0.0,0.0,1.62,0.2,0.502,0.75,1
Brandin Echols,PIT,DB,DB,1.82,0.0,0.0,0.08,1.55,0.19,0.37259110823816705,0.15,5
Jack Sawyer,PIT,LB,LB,1.82,0.0,0.0,0.0,1.72,0.1,0.25111111111111106,0.0,1
Jordan Battle,CIN,DB,DB,1.81,0.0,0.0,0.0,1.46,0.35,0.7071493212669683,0.88,3
Jacoby Brissett,ARI,QB,QB,1.8,1.14,-0.03,0.0,0.0,0.69,0.6908496873496873,1.0,10
Brian Branch,DET,DB,DB,1.8,0.0,0.0,0.0,1.34,0.45,0.9083651751298809,0.88,3
Kyle Dugger,CIN,DB,DB,1.79,0.0,0.0,0.0,1.38,0.41,0.8132846740405565,0.92,6
Elijah Molden,LAC,DB,DB,1.79,0.0,0.0,0.0,1.44,0.36,0.7142426009720128,0.82,5
Charles Omenihu,WAS,DL,DL,1.79,0.0,0.0,0.0,1.49,0.3,0.5406779956427015,0.75,7
Dante Fowler Jr.,SEA,DL,DL,1.79,0.0,0.0,0.0,1.59,0.2,0.36612535041306976,0.75,11
Jalen Ramsey,PIT,DB,DB,1.78,0.0,0.0,0.0,1.3,0.48,0.9581384960718294,0.88,10
Dexter Lawrence,CIN,DL,DL,1.78,0.0,0.0,0.0,1.39,0.39,0.7031532316630354,0.8,7
Terrel Bernard,BUF,LB,LB,1.77,0.0,0.0,0.0,1.44,0.32,0.8105065359477125,0.75,4
Arik Armstead,JAX,DL,DL,1.77,0.0,0.0,0.0,1.44,0.32,0.5870113289760348,0.65,11
Yaya Diaby,TB,LB,LB,1.77,0.0,0.0,0.0,1.49,0.27,0.6873694795057022,0.9,3
Nahshon Wright,NYJ,DB,DB,1.77,0.0,0.0,0.0,1.54,0.23,0.46709581646423753,0.82,5
Jaquan Brisker,PIT,DB,DB,1.76,0.0,0.0,0.0,1.27,0.49,0.9836964504283966,0.92,4
DeVonta Smith,PHI,WR,WR,1.76,0.0,-0.03,1.44,0.04,0.31,0.879838779956427,0.85,5
Dorance Armstrong,WAS,DL,DL,1.76,0.0,0.0,0.0,1.47,0.29,0.5247673814165041,0.65,8
Zach Harrison,ATL,DL,DL,1.76,0.0,0.0,0.0,1.53,0.23,0.4217446401637578,0.8,3
Eric Wilson,MIN,LB,LB,1.76,0.0,0.0,0.0,1.53,0.23,0.5692786415510874,0.45,9
Alontae Taylor,TEN,DB,DB,1.75,0.0,0.0,0.0,1.29,0.46,0.9105208881405873,0.92,4
Quinnen Williams,DAL,DL,DL,1.75,0.0,0.0,0.0,1.39,0.37,0.6710204793028322,0.75,7
Jaelan Phillips,CAR,LB,LB,1.75,0.0,0.0,0.0,1.48,0.28,0.6936397966594046,0.75,5
Tyrel Dodson,MIA,LB,LB,1.75,0.0,0.0,0.0,1.47,0.28,0.6956448801742918,0.9,7
George Kittle,SF,TE,TE,1.75,0.0,-0.06,1.56,0.0,0.25,0.8314518518518518,0.8,9
Jalen Thompson,DAL,DB,DB,1.73,0.0,0.0,0.0,1.25,0.49,0.9721838779956425,0.88,7
Derwin James,LAC,DB,DB,1.73,0.0,0.0,0.0,1.26,0.47,0.937225,0.92,8
Paulson Adebo,NYG,DB,DB,1.73,0.0,0.0,0.0,1.26,0.47,0.9375881921999569,0.92,5
Bryan Bresee,NO,DL,DL,1.73,0.0,0.0,0.0,1.38,0.35,0.6292408245349421,0.8,3
Javon Hargrave,GB,DL,DL,1.73,0.0,0.0,0.0,1.41,0.32,0.5901842449260405,0.8,10
Keeanu Benton,PIT,DL,DL,1.73,0.0,0.0,0.0,1.41,0.32,0.5817236467236466,0.75,3
Daiyan Henley,LAC,LB,LB,1.72,0.0,0.0,0.0,1.41,0.31,0.7857214680744092,0.45,3
Nico Collins,HOU,WR,WR,1.72,0.0,0.19,1.29,-0.01,0.25,0.7185353874883286,0.85,5
Cody Barton,TEN,LB,LB,1.71,0.0,0.0,0.0,1.35,0.36,0.9093960113960114,0.9,7
Maliek Collins,CLE,DL,DL,1.71,0.0,0.0,0.0,1.35,0.35,0.6426496732026143,0.8,10
Kayvon Thibodeaux,NYG,LB,LB,1.71,0.0,0.0,0.0,1.4,0.3,0.7597845417236662,0.75,4
Jarrian Jones,JAX,DB,DB,1.71,0.0,0.0,0.0,1.45,0.26,0.5270955882352941,0.88,2
Jonathon Cooper,DEN,LB,LB,1.71,0.0,0.0,0.0,1.46,0.26,0.6389950284207248,0.75,5
Jalen Pitre,HOU,DB,DB,1.7,0.0,0.0,0.0,1.25,0.45,0.8969049247606019,0.62,4
Vita Vea,TB,DL,DL,1.7,0.0,0.0,0.0,1.33,0.37,0.6813031227305737,0.8,8
Ja'Quan McMillian,DEN,DB,DB,1.7,0.0,0.0,0.0,1.34,0.35,0.7076022541819664,0.88,4
Arden Key,IND,DL,DL,1.7,0.0,0.0,0.0,1.36,0.34,0.609618954248366,0.65,8
Xavier Watts,ATL,DB,DB,1.69,0.0,0.0,0.0,1.19,0.5,0.9905882352941177,0.88,1
Tre'von Moehrig,CAR,DB,DB,1.69,0.0,0.0,0.0,1.2,0.49,0.979182280319535,0.88,5
Carson Schwesinger,CLE,LB,LB,1.69,0.0,0.0,0.0,1.3,0.39,0.9687500000000001,0.75,1
Ji'Ayir Brown,SF,DB,DB,1.69,0.0,0.0,0.0,1.33,0.36,0.7139031339031338,0.92,3
D.J. Wonnum,DET,LB,LB,1.69,0.0,0.0,0.0,1.4,0.29,0.72180522875817,0.75,6
Alex Wright,CLE,DL,DL,1.69,0.0,0.0,0.0,1.43,0.26,0.4752980261872191,0.75,4
Christian Benford,BUF,DB,DB,1.68,0.0,0.0,0.0,1.23,0.45,0.9004150516795867,0.82,4
Talanoa Hufanga,DEN,DB,DB,1.68,0.0,0.0,0.0,1.25,0.43,0.8542678952282667,0.92,5
Jamel Dean,PIT,DB,DB,1.68,0.0,0.0,0.0,1.28,0.4,0.8021675836146424,0.82,7
James Houston,DAL,DL,DL,1.68,0.0,0.0,0.0,1.55,0.14,0.2498433622920627,0.55,4
Mike Jackson,CAR,DB,DB,1.67,0.0,0.0,0.0,1.24,0.43,0.8568569353667395,0.82,7
Cameron Heyward,PIT,DL,DL,1.67,0.0,0.0,0.0,1.28,0.39,0.7168140885984022,0.8,15
Daron Payne,WAS,DL,DL,1.67,0.0,0.0,0.0,1.29,0.38,0.68403302373581,0.8,8
Quincy Williams,CLE,LB,LB,1.67,0.0,0.0,0.0,1.31,0.37,0.9165316071727836,0.45,7
Tucker Kraft,GB,TE,TE,1.67,0.0,0.22,1.21,0.0,0.24,0.813301844354476,0.8,3
Nate Wiggins,BAL,DB,DB,1.66,0.0,0.0,0.0,1.25,0.42,0.8333088235294117,0.62,2
Adam Butler,LV,DL,DL,1.66,0.0,0.0,0.0,1.29,0.37,0.6721425155428025,0.75,9
Dayo Odeyingbo,CHI,DL,DL,1.66,0.0,0.0,0.0,1.31,0.35,0.6446705882352942,0.75,5
Dre'Mont Jones,NE,LB,LB,1.66,0.0,0.0,0.0,1.4,0.26,0.6489832970225129,0.45,7
Kam Curl,LA,DB,DB,1.65,0.0,0.0,0.0,1.16,0.48,0.9688472222222221,0.92,6
Zay Flowers,BAL,WR,WR,1.65,0.0,0.2,1.16,0.0,0.29,0.8247888386123678,0.85,3
Tykee Smith,TB,DB,DB,1.64,0.0,0.0,0.0,1.22,0.42,0.8384151785714286,0.88,2
Nick Bolton,KC,LB,LB,1.64,0.0,0.0,0.0,1.27,0.37,0.9332215227611513,0.9,5
Kamren Kinchens,LA,DB,DB,1.64,0.0,0.0,0.0,1.31,0.32,0.6466447368421052,0.82,2
Calais Campbell,BAL,DL,DL,1.64,0.0,0.0,0.0,1.34,0.3,0.5404287581699347,0.75,18
John Franklin-Myers,TEN,DL,DL,1.63,0.0,0.0,0.0,1.36,0.27,0.49671441539578787,0.75,8
Nic Scourton,CAR,LB,LB,1.63,0.0,0.0,0.0,1.36,0.27,0.6799999999999999,0.45,1
Tony Jefferson,LAC,DB,DB,1.63,0.0,0.0,0.0,1.38,0.25,0.5054579630895422,0.3,13
Trent McDuffie,LA,DB,DB,1.62,0.0,0.0,0.0,1.15,0.47,0.9414464067144606,0.88,4
Ja'Marr Chase,CIN,WR,WR,1.62,-0.05,-0.0,1.35,0.0,0.32,0.9233292872704639,0.85,5
Jevon Holland,NYG,DB,DB,1.61,0.0,0.0,0.0,1.15,0.45,0.9061312169312169,0.88,5
Tee Higgins,CIN,WR,WR,1.61,0.0,0.0,1.33,0.0,0.27,0.7847076023391814,0.8,6
Dennis Gardeck,JAX,LB,LB,1.61,0.0,0.0,0.0,1.45,0.16,0.39452677663658053,0.75,8
Fred Warner,SF,LB,LB,1.6,0.0,0.0,0.0,1.24,0.36,0.895659637656232,0.9,8
Austin Booker,CHI,DL,DL,1.6,0.0,0.0,0.0,1.27,0.34,0.6142279411764707,0.65,2
Andru Phillips,NYG,DB,DB,1.6,0.0,0.0,0.0,1.27,0.33,0.6541228991596638,0.82,2
Joseph Ossai,NYJ,DL,DL,1.6,0.0,0.0,0.0,1.32,0.29,0.51859482838423,0.75,5
CeeDee Lamb,DAL,WR,WR,1.6,-0.0,0.03,1.3,0.0,0.27,0.7806310121709501,0.8,6
Baron Browning,ARI,LB,LB,1.6,0.0,0.0,0.0,1.38,0.21,0.534136100936101,0.45,5
Jack Jones,SF,DB,DB,1.59,0.0,0.0,0.0,1.18,0.4,0.8088066926233821,0.88,4
T.J. Edwards,CHI,LB,LB,1.59,0.0,0.0,0.0,1.23,0.36,0.8914248366013072,0.9,7
Abdul Carter,NYG,LB,LB,1.59,0.0,0.0,0.0,1.28,0.3,0.7617647058823529,0.45,1
Mason Rudolph,PIT,QB,QB,1.58,1.18,-0.15,0.0,0.0,0.56,0.5621951219512195,0.0,8
Tarheeb Still,LAC,DB,DB,1.58,0.0,0.0,0.0,1.16,0.42,0.8418749999999999,0.62,2
Keisean Nixon,GB,DB,DB,1.58,0.0,0.02,0.0,1.16,0.4,0.795426441921798,0.88,7
Jack Campbell,DET,LB,LB,1.58,0.0,0.0,0.0,1.23,0.36,0.8925082956259426,0.9,3
Devin Bush,CHI,LB,LB,1.58,0.0,0.0,0.0,1.33,0.25,0.6281677895089659,0.75,7
Budda Baker,ARI,DB,DB,1.57,0.0,0.0,0.0,1.08,0.49,0.9798198983297023,0.92,9
Amani Hooker,TEN,DB,DB,1.57,0.0,0.09,0.03,0.98,0.47,0.937157848324515,0.88,7
Foye Oluokun,JAX,LB,LB,1.57,0.0,0.0,0.0,1.19,0.38,0.9416631296693215,0.9,8
Grover Stewart,IND,DL,DL,1.57,0.0,0.0,0.0,1.24,0.33,0.6006072489601901,0.55,9
Jacob Parrish,TB,DB,DB,1.56,0.0,0.0,0.0,1.2,0.36,0.7164705882352941,0.82,1
A'Shawn Robinson,TB,DL,DL,1.56,0.0,0.0,0.0,1.23,0.33,0.5948033302209773,0.75,10
Mack Wilson,ARI,LB,LB,1.56,0.0,0.0,0.0,1.29,0.28,0.6967917833800187,0.75,7
Joe Flacco,CIN,QB,QB,1.55,0.74,-0.01,0.0,0.0,0.82,0.8216940170940171,0.0,18
Zaire Franklin,GB,LB,LB,1.55,0.0,0.0,0.0,1.17,0.38,0.9416078431372549,0.75,8
Cooper DeJean,PHI,DB,DB,1.54,0.0,0.0,0.0,1.11,0.44,0.8725845588235294,0.92,2
Zach Allen,DEN,DL,DL,1.54,0.0,0.0,0.0,1.12,0.43,0.7748224048053769,0.8,7
Jourdan Lewis,JAX,DB,DB,1.54,0.0,0.0,0.0,1.15,0.39,0.7888507625272331,0.92,9
Jordan Addison,MIN,WR,WR,1.54,0.0,0.72,0.53,0.0,0.29,0.8355817711700064,0.8,3
Patrick Queen,PIT,LB,LB,1.53,0.0,0.0,0.0,1.15,0.38,0.9604524710468981,0.2,6
Jaylen Waddle,DEN,WR,WR,1.53,-0.03,0.16,1.13,0.0,0.27,0.7622561728395061,0.85,5
Patrick Jones II,CAR,LB,LB,1.53,0.0,0.0,0.0,1.31,0.22,0.550631808278867,0.2,5
Geno Smith,NYJ,QB,QB,1.52,1.18,-0.58,-0.04,0.0,0.97,0.9662030501089325,1.0,13
Denzel Ward,CLE,DB,DB,1.52,0.0,0.0,0.0,1.12,0.4,0.8057338624338624,0.82,8
DJ Moore,BUF,WR,WR,1.52,0.23,0.14,0.69,0.14,0.31,0.8897330581355349,0.85,8
Jordyn Brooks,MIA,LB,LB,1.52,0.0,0.0,0.0,1.16,0.36,0.9022761437908496,0.75,6
Ahkello Witherspoon,WAS,DB,DB,1.52,0.0,0.0,0.0,1.22,0.3,0.593189417989418,0.62,9
Nick Cross,WAS,DB,DB,1.51,0.0,0.0,0.0,1.13,0.39,0.7746716826265392,0.88,4
Tyrique Stevenson,CHI,DB,DB,1.51,0.0,0.0,0.0,1.14,0.37,0.7350480769230768,0.88,3
A.J. Brown,NE,WR,WR,1.51,-0.01,0.01,1.2,0.0,0.31,0.8845273576097106,0.85,7
Justin Reid,NO,DB,DB,1.5,0.0,0.0,0.0,1.04,0.46,0.9198339781076624,0.92,8
Jarran Reed,SEA,DL,DL,1.5,0.0,0.0,0.0,1.18,0.31,0.5680259803921568,0.65,10
Jalen Redmond,MIN,DL,DL,1.5,0.0,0.0,0.0,1.2,0.31,0.5576575630252101,0.8,3
Christian Rozeboom,TB,LB,LB,1.5,0.0,0.0,0.0,1.23,0.27,0.6742008288695597,0.45,6
Al-Quadin Muhammad,TB,DL,DL,1.5,0.0,0.0,0.0,1.25,0.25,0.4572708978328174,0.55,9
Derick Hall,SEA,LB,LB,1.5,0.0,0.0,0.0,1.31,0.19,0.4647963800904978,0.2,3
Jonathan Allen,CIN,DL,DL,1.49,0.0,0.0,0.0,1.09,0.4,0.72451775103981,0.75,9
Sean Murphy-Bunting,ARI,DB,DB,1.49,0.0,0.0,0.0,1.11,0.39,0.7709907692307691,0.88,7
Edgerrin Cooper,GB,LB,LB,1.49,0.0,0.0,0.0,1.16,0.33,0.8239117647058825,0.45,2
Milton Williams,NE,DL,DL,1.49,0.0,0.0,0.0,1.2,0.29,0.5283923332295881,0.8,5
Rashee Rice,KC,WR,WR,1.49,0.0,0.2,0.83,0.23,0.24,0.681628205128205,0.85,3
Kamari Lassiter,HOU,DB,DB,1.48,0.0,0.0,0.0,1.0,0.48,0.9539930555555556,0.3,2
Alim McNeill,DET,DL,DL,1.48,0.0,0.0,0.0,1.09,0.39,0.7039117647058823,0.75,5
Nathan Shepherd,NO,DL,DL,1.48,0.0,0.0,0.0,1.16,0.31,0.5698464052287582,0.65,8
Alohi Gilman,KC,DB,DB,1.47,0.0,0.0,0.0,1.02,0.44,0.8874548095332406,0.88,6
Calijah Kancey,TB,DL,DL,1.47,0.0,0.0,0.0,1.14,0.33,0.5993906147271532,0.65,3
L'Jarius Sneed,KC,DB,DB,1.46,0.0,0.0,0.0,1.01,0.45,0.8972278659611993,0.92,6
Josh Metellus,MIN,DB,DB,1.46,0.0,0.0,0.0,1.05,0.41,0.8283779956427015,0.88,6
Tyson Campbell,CLE,DB,DB,1.45,0.0,0.0,0.0,1.0,0.45,0.8957214914886742,0.88,5
Tershawn Wharton,CAR,DL,DL,1.45,0.0,0.0,0.0,1.12,0.33,0.5964,0.75,6
Jer'Zhan Newton,WAS,DL,DL,1.45,0.0,0.0,0.0,1.22,0.23,0.41458591331269345,0.35,2
Deommodore Lenoir,SF,DB,DB,1.44,0.0,0.0,0.0,0.98,0.46,0.9265847953216374,0.82,5
Zaven Collins,ARI,LB,LB,1.44,0.0,0.0,0.0,1.22,0.22,0.543985112563544,0.2,5
Jaylon Johnson,CHI,DB,DB,1.43,0.0,0.0,0.0,1.02,0.41,0.8284969829009043,0.92,6
Quan Martin,WAS,DB,DB,1.43,0.0,0.0,0.0,1.05,0.38,0.7649598118599666,0.82,3
Dee Alford,BUF,DB,DB,1.43,0.0,0.0,0.0,1.15,0.28,0.5604941860465117,0.3,6
Sam LaPorta,DET,TE,TE,1.43,0.0,0.01,1.16,0.0,0.26,0.8772800402212168,0.8,3
Isaiah McGuire,CLE,DL,DL,1.43,0.0,0.0,0.0,1.2,0.23,0.41516968325791864,0.65,3
Devon Witherspoon,SEA,DB,DB,1.42,0.0,0.0,0.0,0.95,0.47,0.9403770739064857,0.88,3
Christian Gonzalez,NE,DB,DB,1.42,0.0,0.0,0.0,0.96,0.45,0.9029914529914529,0.3,3
DeShon Elliott,PIT,DB,DB,1.42,0.0,0.0,0.0,1.01,0.41,0.8275244708994709,0.62,8
B.J. Hill,CIN,DL,DL,1.42,0.0,0.0,0.0,1.05,0.37,0.6638771241830065,0.65,8
Kwity Paye,LV,DL,DL,1.42,0.0,0.0,0.0,1.07,0.35,0.6347188453159041,0.65,5
Isaiah Rodgers,MIN,DB,DB,1.42,0.0,0.0,0.0,1.1,0.33,0.6562803758622564,0.82,6
Devontez Walker,BAL,WR,WR,1.42,0.0,0.0,0.82,0.53,0.07,0.18655303030303028,0.8,2
Mitchell Trubisky,TEN,QB,QB,1.41,1.29,-0.25,0.0,0.0,0.37,0.367511111111111,1.0,9
Asante Samuel Jr.,PIT,DB,DB,1.41,0.0,0.0,0.0,1.01,0.4,0.7938533042846768,0.3,5
Chamarri Conner,KC,DB,DB,1.41,0.0,0.0,0.0,1.04,0.38,0.7529260935143288,0.82,3
Justin Jefferson,MIN,WR,WR,1.41,0.14,-0.04,0.99,0.0,0.32,0.9234824981844589,0.85,6
Osa Odighizuwa,SF,DL,DL,1.41,0.0,0.0,0.0,1.05,0.36,0.6520512173680388,0.75,5
Boye Mafe,CIN,LB,LB,1.41,0.0,0.0,0.0,1.19,0.22,0.5450668604651163,0.75,4
Brandon Jones,DEN,DB,DB,1.4,0.0,0.0,0.0,0.99,0.41,0.8242208527855585,0.62,6
Alex Anzalone,TB,LB,LB,1.4,0.0,0.0,0.0,1.03,0.38,0.939460665925062,0.75,9
Cole Bishop,BUF,DB,DB,1.4,0.0,0.0,0.0,1.04,0.36,0.7105921052631579,0.62,2
Blake Cashman,MIN,LB,LB,1.4,0.0,0.0,0.0,1.08,0.32,0.8004195156695155,0.2,7
Alec Pierce,IND,WR,WR,1.4,0.0,0.0,1.08,0.03,0.29,0.8398609211126312,0.85,4
Jermaine Johnson II,TEN,LB,LB,1.4,0.0,0.0,0.0,1.15,0.26,0.6396834082470195,0.75,4
Brian Thomas Jr.,JAX,WR,WR,1.39,0.0,0.3,0.82,0.0,0.27,0.7825735294117647,0.85,2
Terry McLaurin,WAS,WR,WR,1.39,0.0,-0.09,1.2,0.0,0.27,0.781529411764706,0.85,7
LaCale London,ATL,DL,DL,1.39,0.0,0.0,0.0,1.2,0.18,0.32994694960212206,0.65,6
Julian Blackmon,NO,DB,DB,1.38,0.0,0.0,0.0,0.89,0.48,0.9669126984126984,0.88,6
Craig Woodson,NE,DB,DB,1.38,0.0,0.0,0.0,0.91,0.47,0.9376190476190474,0.62,1
Ashtyn Davis,SF,DB,DB,1.38,0.0,0.28,0.0,0.87,0.23,0.46932452297158167,0.15,6
Lukas Van Ness,GB,DL,DL,1.38,0.0,0.0,0.0,1.15,0.23,0.4154026090868196,0.75,3
Jonah Elliss,DEN,LB,LB,1.38,0.0,0.0,0.0,1.24,0.15,0.37104166666666666,0.2,2
Bryce Young,CAR,QB,QB,1.37,0.8,-0.37,0.0,0.0,0.94,0.9430980661495367,1.0,3
Demario Davis,NYJ,LB,LB,1.37,0.0,0.0,0.0,0.98,0.39,0.9788300653594771,0.9,14
Cam Taylor-Britt,IND,DB,DB,1.37,0.0,0.0,0.0,0.99,0.38,0.7625649794801641,0.88,4
Gervon Dexter Sr.,CHI,DL,DL,1.37,0.0,0.0,0.0,1.04,0.33,0.602252758593316,0.55,3
Uchenna Nwosu,SEA,LB,LB,1.37,0.0,0.0,0.0,1.14,0.23,0.5756808087757521,0.0,8
Tavius Robinson,BAL,LB,LB,1.37,0.0,0.0,0.0,1.17,0.21,0.5165317139001349,0.75,3
Andrew Mukuba,PHI,DB,DB,1.36,0.0,0.0,0.0,0.9,0.46,0.9245454545454547,0.88,1
Jaylen Watson,LA,DB,DB,1.36,0.0,0.0,0.0,0.96,0.4,0.8010093839249287,0.62,4
Roquan Smith,BAL,LB,LB,1.36,0.0,0.0,0.0,0.98,0.38,0.9505098039215684,0.9,8
Eric Murray,JAX,DB,DB,1.36,0.0,0.0,0.0,1.02,0.34,0.6775946565760808,0.82,10
Amik Robertson,WAS,DB,DB,1.36,0.0,0.0,0.0,1.04,0.32,0.6327424836601306,0.3,6
Drue Tranquill,KC,LB,LB,1.36,0.0,0.0,0.0,1.04,0.31,0.7823910478811408,0.75,7
Jordan Davis,PHI,DL,DL,1.36,0.0,0.0,0.0,1.1,0.26,0.4739091915836102,0.75,4
D.J. Jones,DEN,DL,DL,1.36,0.0,0.0,0.0,1.12,0.25,0.44955833333333334,0.75,9
Dallas Goedert,PHI,TE,TE,1.36,0.0,0.14,0.97,0.0,0.24,0.8157179894179893,0.8,8
Christian Elliss,NE,LB,LB,1.36,0.0,0.0,0.0,1.2,0.16,0.4083006010396361,0.2,5
Andre Cisco,NYJ,DB,DB,1.35,0.0,0.0,0.0,0.9,0.45,0.8998764705882353,0.88,5
Derrick Barnes,DET,LB,LB,1.35,0.0,0.0,0.0,1.07,0.28,0.7043623437679165,0.45,5
Tremaine Edmunds,NYG,LB,LB,1.34,0.0,0.0,0.0,0.96,0.39,0.9653437908496733,0.2,8
Azeez Al-Shaair,HOU,LB,LB,1.34,0.0,0.0,0.0,0.99,0.34,0.8613998547567173,0.9,7
Travis Kelce,KC,TE,TE,1.34,0.0,-0.15,1.24,0.0,0.25,0.8202584107327141,0.8,13
Kingsley Enagbare,NYJ,DL,DL,1.34,0.0,0.0,0.0,1.1,0.24,0.4363079495364037,0.55,4
Nolan Smith,PHI,LB,LB,1.34,0.0,0.0,0.0,1.14,0.2,0.5061078238001315,0.2,3
Anthony Nelson,TB,LB,LB,1.34,0.0,0.0,0.0,1.16,0.18,0.4502462638076673,0.0,7
Malik Hooker,DAL,DB,DB,1.33,0.0,0.0,0.0,0.92,0.41,0.8279718591140158,0.62,9
Javon Kinlaw,WAS,DL,DL,1.33,0.0,0.0,0.0,1.01,0.32,0.5755898329702251,0.55,6
Taron Johnson,LV,DB,DB,1.32,0.0,0.0,0.0,0.91,0.41,0.8130713450292398,0.92,8
Garrett Williams,ARI,DB,DB,1.32,0.0,0.0,0.0,0.94,0.38,0.765071225071225,0.82,3
Romeo Doubs,NE,WR,WR,1.32,-0.02,0.01,1.06,0.0,0.26,0.7540405918510895,0.8,4
Malcolm Koonce,LV,DL,DL,1.32,0.0,0.0,0.0,1.12,0.21,0.378777183600713,0.35,5
Kool-Aid McKinstry,NO,DB,DB,1.31,0.0,0.0,0.0,0.89,0.43,0.8530588235294118,0.82,2
Kader Kohou,KC,DB,DB,1.31,0.0,0.0,0.0,0.91,0.4,0.7956811594202899,0.62,4
DaRon Bland,DAL,DB,DB,1.3,0.0,0.0,0.0,0.85,0.45,0.905735268403567,0.82,4
Billy Bowman Jr.,ATL,DB,DB,1.3,0.0,0.0,0.0,0.9,0.4,0.8033333333333332,0.62,1
Kenny Clark,DAL,DL,DL,1.3,0.0,0.0,0.0,0.93,0.38,0.6852124756335282,0.65,10
DK Metcalf,PIT,WR,WR,1.3,0.0,0.19,0.81,0.0,0.3,0.8584930101670296,0.85,7
Jameson Williams,DET,WR,WR,1.3,-0.16,0.28,0.92,0.0,0.26,0.7517393980848153,0.8,4
Jonah Williams,ARI,DL,DL,1.29,0.0,0.0,0.0,0.77,0.51,0.9350907770515613,0.8,6
Zyon McCollum,TB,DB,DB,1.29,0.0,0.0,0.0,0.87,0.42,0.8432322756802562,0.62,4
Sebastian Joseph-Day,PIT,DL,DL,1.29,0.0,0.0,0.0,1.02,0.27,0.487126762985896,0.65,8
Antonio Johnson,JAX,DB,DB,1.29,0.0,0.0,0.0,1.03,0.26,0.523137770558585,0.3,3
Drake Thomas,SEA,LB,LB,1.29,0.0,0.0,0.0,1.15,0.14,0.34975867269984917,0.0,3
Pat Surtain II,DEN,DB,DB,1.28,0.0,0.0,0.0,0.81,0.47,0.9425816993464051,0.82,5
Quinyon Mitchell,PHI,DB,DB,1.28,0.0,0.0,0.0,0.82,0.46,0.9295588235294117,0.82,2
DJ Turner II,CIN,DB,DB,1.28,0.0,0.0,0.0,0.88,0.4,0.7930289318524613,0.82,3
Chris Godwin Jr.,TB,WR,WR,1.28,-0.01,0.17,0.86,0.0,0.27,0.783330734243015,0.85,9
Trey McBride,ARI,TE,TE,1.28,0.0,0.04,0.99,0.0,0.25,0.8382900136798908,0.8,4
Brandon Dorlus,ATL,DL,DL,1.28,0.0,0.0,0.0,1.08,0.2,0.36604166666666665,0.55,2
Mark Andrews,BAL,TE,TE,1.28,0.0,0.47,0.61,0.0,0.19,0.6498931106732965,0.8,8
Josaiah Stewart,LA,LB,LB,1.28,0.0,0.0,0.0,1.14,0.14,0.34500000000000003,0.45,1
Dondrea Tillman,DEN,LB,LB,1.28,0.0,0.0,0.0,1.14,0.14,0.3455263157894737,0.0,6
A.J. Terrell,ATL,DB,DB,1.27,0.0,0.0,0.0,0.8,0.48,0.952134531590414,0.82,6
Riley Moss,DEN,DB,DB,1.27,0.0,0.0,0.0,0.87,0.39,0.7845695006747638,0.3,3
Evan Williams,GB,DB,DB,1.27,0.0,0.0,0.0,0.89,0.38,0.7638655462184873,0.82,2
Devonte Wyatt,GB,DL,DL,1.27,0.0,0.0,0.0,1.0,0.27,0.4955569155446756,0.65,4
Beanie Bishop Jr.,NO,DB,DB,1.27,0.0,0.0,0.0,1.03,0.24,0.4750000000000001,0.15,2
Jaylen McCollough,LA,DB,DB,1.27,0.0,0.0,0.0,1.08,0.19,0.3797697368421052,0.15,2
Cameron Sample,SF,DL,DL,1.27,0.0,0.0,0.0,1.1,0.17,0.3067395762132605,0.25,5
Bud Dupree,LAC,LB,LB,1.26,0.0,0.0,0.0,1.06,0.2,0.49545791245791243,0.2,11
Nate Landman,LA,LB,LB,1.25,0.0,0.0,0.0,0.95,0.29,0.7337539930999234,0.75,4
Demetrius Knight Jr.,CIN,LB,LB,1.25,0.0,0.0,0.0,0.96,0.29,0.7300000000000001,0.9,1
Samson Ebukam,ATL,DL,DL,1.25,0.0,0.0,0.0,0.98,0.27,0.49630860424978074,0.75,9
Teair Tart,LAC,DL,DL,1.25,0.0,0.0,0.0,1.01,0.24,0.43143145126478466,0.8,6
Shemar James,DAL,LB,LB,1.25,0.0,0.0,0.0,1.01,0.23,0.5864285714285715,0.9,1
Azeez Ojulari,ATL,LB,LB,1.25,0.0,0.0,0.0,1.07,0.18,0.4509386677229814,0.2,5
Kyler Gordon,CHI,DB,DB,1.24,0.0,0.0,0.0,0.87,0.37,0.7442468694096602,0.82,4
Roger McCreary,DET,DB,DB,1.24,0.0,0.0,0.0,0.93,0.31,0.6158796169630644,0.62,4
Deatrich Wise,WAS,DL,DL,1.24,0.0,0.0,0.0,0.99,0.25,0.453759477124183,0.25,9
SirVocea Dennis,TB,LB,LB,1.24,0.0,0.0,0.0,1.0,0.24,0.60967094017094,0.2,3
Nnamdi Madubuike,BAL,DL,DL,1.23,0.0,0.0,0.0,0.87,0.36,0.6539927225471085,0.65,6
Isaiah Pola-Mao,LV,DB,DB,1.23,0.0,-0.33,0.0,1.2,0.36,0.7141183465986818,0.82,4
Montaric Brown,JAX,DB,DB,1.23,0.0,0.0,0.0,0.89,0.33,0.6663497492020064,0.62,4
Tony Adams,TEN,DB,DB,1.23,0.0,0.0,0.0,0.9,0.33,0.6597392529950669,0.62,4
Jamien Sherwood,NYJ,LB,LB,1.23,0.0,0.0,0.0,0.93,0.29,0.7294509803921568,0.75,5
Thomas Harper,DET,DB,DB,1.23,0.0,0.0,0.0,1.01,0.22,0.4428333333333332,0.15,2
Quentin Lake,LA,DB,DB,1.22,0.0,0.0,0.0,0.82,0.4,0.8051068009917459,0.3,4
Dane Belton,NYJ,DB,DB,1.22,0.0,0.22,0.0,0.75,0.25,0.49311901504787964,0.0,4
Carson Wentz,MIN,QB,QB,1.21,0.77,-0.27,0.0,0.0,0.71,0.7056339869281046,0.0,10
Bryan Cook,CIN,DB,DB,1.21,0.0,0.0,0.0,0.82,0.39,0.7787542179662562,0.62,4
Courtland Sutton,DEN,WR,WR,1.21,-0.07,0.0,0.97,0.0,0.3,0.8484604747162022,0.8,8
Moro Ojomo,PHI,DL,DL,1.21,0.0,0.0,0.0,0.95,0.26,0.47665750915750915,0.65,3
Marvin Harrison Jr.,ARI,WR,WR,1.21,0.0,0.0,0.95,0.0,0.26,0.7400183823529412,0.85,2
Mike Evans,SF,WR,WR,1.21,0.0,0.01,0.95,0.0,0.25,0.719487199480182,0.85,12
Roy Lopez,ARI,DL,DL,1.21,0.0,0.0,0.0,0.98,0.24,0.4276797385620915,0.65,5
Christian Watson,GB,WR,WR,1.21,0.0,0.07,0.91,0.0,0.23,0.6549610389610391,0.85,4
Chauncey Golston,NYG,DL,DL,1.21,0.0,0.0,0.03,0.96,0.22,0.3976040305010893,0.75,5
Justin Eboigbe,LAC,DL,DL,1.21,0.0,0.0,0.0,1.05,0.16,0.2819722222222222,0.65,2
Tyler Huntley,BAL,QB,QB,1.2,0.87,-0.33,0.0,0.0,0.66,0.6592126984126984,0.0,6
Malik Mustapha,SF,DB,DB,1.2,0.0,0.0,0.0,0.77,0.43,0.8581808035714285,0.62,2
Cordale Flott,TEN,DB,DB,1.2,0.0,0.0,0.0,0.84,0.37,0.7321351903910043,0.82,4
Nate Hobbs,SF,DB,DB,1.2,0.0,0.0,0.0,0.86,0.34,0.6762917866447277,0.3,5
Jason Pinnock,NYG,DB,DB,1.2,0.0,0.0,0.0,0.89,0.31,0.6287638888888888,0.3,5
Myles Murphy,CIN,DL,DL,1.2,0.0,0.0,0.0,0.93,0.28,0.5012530455969371,0.55,3
David Onyemata,NYJ,DL,DL,1.19,0.0,0.0,0.0,0.88,0.31,0.5690617944147355,0.65,10
Payton Wilson,PIT,LB,LB,1.19,0.0,0.0,0.0,0.97,0.22,0.5470138888888888,0.0,2
Jack Gibbens,ARI,LB,LB,1.19,0.0,0.0,0.0,0.99,0.2,0.49828017718715384,0.0,4
Colston Loveland,CHI,TE,TE,1.19,0.0,-0.1,1.09,0.0,0.2,0.6544444444444445,0.8,1
Arnold Ebiketie,PHI,LB,LB,1.19,0.0,0.0,0.0,1.03,0.16,0.39776675786593696,0.0,4
Charvarius Ward,IND,DB,DB,1.18,0.0,0.0,0.0,0.72,0.46,0.918618253968254,0.82,8
Nick Emmanwori,SEA,DB,DB,1.18,0.0,0.0,0.0,0.75,0.43,0.8629411764705882,0.82,1
Joe Tryon-Shoyinka,PHI,DL,DL,1.18,0.0,0.0,0.0,0.98,0.2,0.3719658869395711,0.55,5
AJ Barner,SEA,TE,TE,1.18,0.0,0.32,0.65,0.0,0.2,0.6624080882352942,0.8,2
Ronnie Harrison,MIA,LB,LB,1.18,0.0,0.0,0.0,1.06,0.12,0.3105481481481481,0.2,8
Da'Shawn Hand,ATL,DL,DL,1.17,0.0,0.0,0.0,0.93,0.24,0.4356349206349206,0.35,8
Dre Greenlaw,SF,LB,LB,1.17,0.0,0.0,0.0,0.95,0.22,0.5564814814814814,0.75,7
Jonah Laulu,LV,DL,DL,1.16,0.0,0.0,0.0,0.83,0.32,0.5836029411764706,0.55,2
Dante Stills,ARI,DL,DL,1.16,0.0,0.0,0.0,0.89,0.28,0.502084715937657,0.75,3
Micheal Clemons,IND,DL,DL,1.16,0.0,0.0,0.0,0.89,0.27,0.4915834473324212,0.35,4
Tommy Togiai,HOU,DL,DL,1.16,0.0,0.0,0.0,0.9,0.25,0.45868214654282774,0.55,5
Tonka Hemingway,LV,DL,DL,1.16,0.0,0.0,0.0,0.98,0.18,0.32555555555555554,0.25,1
Jaylen Harrell,TEN,LB,LB,1.16,0.0,0.0,0.0,1.03,0.13,0.32345588235294115,0.45,2
Jeremy Chinn,LV,DB,DB,1.15,0.0,0.0,0.0,0.71,0.44,0.8827175084175085,0.88,6
Alex Singleton,DEN,LB,LB,1.15,0.0,0.0,0.0,0.77,0.38,0.9430718954248367,0.45,11
Quay Walker,LV,LB,LB,1.15,0.0,0.0,0.0,0.78,0.37,0.9142410510715914,0.75,4
Christian Barmore,NE,DL,DL,1.15,0.0,0.0,0.0,0.82,0.33,0.5920363938167861,0.75,5
Kristian Fulton,KC,DB,DB,1.15,0.0,0.0,0.0,0.83,0.32,0.6384415584415584,0.3,6
Jalen Coker,CAR,WR,WR,1.15,0.05,0.0,0.85,0.0,0.24,0.6920928030303028,0.85,2
Chau Smith-Wade,CAR,DB,DB,1.15,0.0,0.0,0.0,0.9,0.25,0.5084926470588234,0.3,2
Jacob Martin,TEN,DL,DL,1.14,0.0,0.0,0.0,0.9,0.24,0.43659399424105305,0.65,8
E.J. Speed,HOU,LB,LB,1.14,0.0,0.0,0.0,0.91,0.23,0.5837426833696441,0.45,7
Chop Robinson,MIA,LB,LB,1.14,0.0,0.0,0.0,0.95,0.19,0.47203431372549015,0.45,2
Ivan Pace Jr.,MIN,LB,LB,1.14,0.0,0.0,0.0,0.95,0.18,0.4568024132730015,0.0,3
Daxton Hill,CIN,DB,DB,1.13,0.0,0.0,0.0,0.71,0.42,0.8307900896792823,0.3,4
Greg Newsome II,NYG,DB,DB,1.13,0.0,0.0,0.0,0.75,0.38,0.7561113010446342,0.62,5
Trevin Wallace,CAR,LB,LB,1.13,0.0,0.0,0.0,0.82,0.31,0.7752083333333333,0.0,2
P.J. Locke,DAL,DB,DB,1.13,0.0,0.0,0.0,0.89,0.25,0.4917561728395061,0.3,7
Jowon Briggs,NYJ,DL,DL,1.12,0.0,0.0,0.0,0.87,0.25,0.4480882352941176,0.25,2
Jayden Reed,GB,WR,WR,1.12,0.0,0.11,0.83,0.0,0.18,0.5215099715099715,0.8,3
Willie Gay Jr.,MIA,LB,LB,1.12,0.0,0.0,0.0,0.99,0.12,0.30402506593280587,0.0,6
Grady Jarrett,CHI,DL,DL,1.11,0.0,0.0,0.0,0.73,0.38,0.6898545751633987,0.35,11
Jarvis Brownlee Jr.,NYJ,DB,DB,1.11,0.0,0.0,0.0,0.74,0.37,0.7457352941176472,0.3,2
Travis Jones,BAL,DL,DL,1.11,0.0,0.0,0.0,0.8,0.32,0.5789137086903304,0.55,4
Davante Adams,LA,WR,WR,1.11,-0.02,-0.09,0.94,0.0,0.29,0.8268011204481793,0.8,12
DeMarvion Overshown,DAL,LB,LB,1.11,0.0,0.0,0.0,0.83,0.27,0.6863621794871794,0.75,3
D.J. Reed,DET,DB,DB,1.1,0.0,0.0,0.0,0.65,0.45,0.9031568004979769,0.82,8
Shelby Harris,NYG,DL,DL,1.1,0.0,0.0,0.0,0.82,0.28,0.5106179842307293,0.8,12
Sam Okuayinonu,SF,DL,DL,1.1,0.0,0.0,0.0,0.83,0.27,0.4983510348583877,0.55,4
Poona Ford,LA,DL,DL,1.1,0.0,0.0,0.0,0.83,0.27,0.48309694989106755,0.55,8
John Jenkins,BAL,DL,DL,1.1,0.0,0.0,0.0,0.84,0.26,0.46766946778711493,0.35,13
Joey Porter Jr.,PIT,DB,DB,1.09,0.0,0.0,0.0,0.64,0.45,0.9064739400033517,0.0,3
Ar'Darius Washington,NYG,DB,DB,1.09,0.0,0.0,0.0,0.92,0.18,0.3543606237816764,0.0,5
Henry To'oTo'o,HOU,LB,LB,1.08,0.0,0.0,0.0,0.78,0.3,0.7447678018575852,0.75,3
Christian Izien,DET,DB,DB,1.08,0.0,0.0,0.0,0.86,0.22,0.4418835550414497,0.0,3
Dalton Kincaid,BUF,TE,TE,1.08,0.0,0.0,0.93,0.0,0.14,0.4795818070818071,0.8,3
Chris Rumph II,NO,LB,LB,1.08,0.0,0.0,0.0,0.97,0.11,0.2788480392156862,0.0,5
Divine Deablo,ATL,LB,LB,1.07,0.0,0.0,0.22,0.52,0.33,0.8260177180843848,0.45,5
Drake London,ATL,WR,WR,1.07,0.04,-0.17,0.89,0.0,0.31,0.876982444140447,0.85,4
Barrett Carter,CIN,LB,LB,1.07,0.0,0.0,0.0,0.77,0.3,0.7476470588235294,0.45,1
Jihaad Campbell,PHI,LB,LB,1.07,0.0,0.0,0.0,0.83,0.24,0.5950000000000001,0.0,1
Damar Hamlin,BUF,DB,DB,1.07,0.0,-0.12,0.0,1.0,0.19,0.3753984749455337,0.15,5
Joe Milton III,DAL,QB,QB,1.06,0.4,0.17,0.0,0.0,0.49,0.48749999999999993,0.0,2
Benjamin St-Juste,GB,DB,DB,1.06,0.0,0.0,0.0,0.76,0.3,0.6060485838779957,0.62,5
Andrew Wingard,ARI,DB,DB,1.06,0.0,0.04,0.0,0.72,0.3,0.6046530214424949,0.62,7
Ladd McConkey,LAC,WR,WR,1.06,0.0,0.0,0.79,0.0,0.27,0.7661764705882353,0.85,2
Matthew Golden,GB,WR,WR,1.06,0.0,0.12,0.75,0.0,0.19,0.5293333333333332,0.6,1
Aidan O'Connell,LV,QB,QB,1.05,0.54,-0.29,0.0,0.0,0.8,0.8035508935508934,0.0,3
Anthony Richardson,IND,QB,QB,1.05,0.23,0.4,-0.04,0.0,0.46,0.4608449883449883,0.0,3
Martin Emerson,NO,DB,DB,1.05,0.0,0.0,0.0,0.65,0.4,0.7924040920716114,0.62,4
Andrew Billings,ARI,DL,DL,1.05,0.0,0.0,0.0,0.78,0.27,0.4903686176224876,0.55,10
Deone Walker,BUF,DL,DL,1.05,0.0,0.0,0.0,0.79,0.27,0.4826315789473684,0.55,1
Kentavius Street,CHI,DL,DL,1.05,0.0,0.0,0.0,0.84,0.22,0.3919657114127702,0.25,8
Jamin Davis,PIT,LB,LB,1.05,0.0,0.0,0.0,0.92,0.14,0.342054131054131,0.0,5
Will Harris,WAS,DB,DB,1.04,0.0,0.0,0.0,0.66,0.38,0.7684649796100774,0.15,7
Darnell Savage,PIT,DB,DB,1.04,0.0,0.0,0.0,0.73,0.31,0.6272426400759733,0.0,7
Jaylon Jones,IND,DB,DB,1.04,0.0,0.0,0.0,0.74,0.3,0.6055220378749789,0.3,3
Dadrion Taylor-Demerson,ARI,DB,DB,1.04,0.0,0.0,0.0,0.82,0.21,0.42227328431372546,0.15,2
Brandon Stephens,NYJ,DB,DB,1.03,0.0,0.0,0.0,0.58,0.46,0.9102742957611896,0.62,5
Riq Woolen,PHI,DB,DB,1.03,0.0,0.0,0.0,0.61,0.42,0.8400006289949679,0.62,4
Byron Murphy II,SEA,DL,DL,1.03,0.0,0.0,0.0,0.69,0.33,0.6089285714285714,0.55,2
Joshua Uche,MIA,LB,LB,1.03,0.0,0.0,0.0,0.91,0.12,0.3121732193732194,0.0,6
Marte Mapu,HOU,LB,LB,1.03,-0.14,0.0,0.0,1.06,0.12,0.30086662357250593,0.2,3
Harrison Phillips,NYJ,DL,DL,1.02,0.0,0.0,0.0,0.68,0.34,0.6235187000726216,0.35,8
C.J. Henderson,ATL,DB,DB,1.02,0.0,0.0,0.0,0.71,0.31,0.6140404040404039,0.3,6
Malik Nabers,NYG,WR,WR,1.02,-0.03,-0.03,0.79,0.0,0.29,0.836625,0.85,2
Kayshon Boutte,NE,WR,WR,1.02,0.0,0.0,0.79,0.0,0.23,0.6458746438746437,0.6,3
Trevis Gipson,CAR,DL,DL,1.02,0.0,0.0,0.0,0.88,0.14,0.2590034547152194,0.65,6
Isaiah Simmons,CAR,LB,LB,1.02,0.0,0.0,0.0,0.93,0.08,0.20929847494553377,0.0,6
Mykel Williams,SF,DL,DL,1.01,0.0,0.0,0.0,0.64,0.37,0.6655555555555556,0.65,1
Kris Jenkins,CIN,DL,DL,1.01,0.0,0.0,0.0,0.72,0.29,0.5251249999999998,0.35,2
Tim Settle,WAS,DL,DL,1.01,0.0,0.0,0.0,0.75,0.26,0.4814192179795895,0.0,8
Anfernee Jennings,NO,LB,LB,1.01,0.0,0.0,0.0,0.8,0.21,0.5294031007751938,0.0,6
Rakeem Nunez-Roches,TB,DL,DL,1.0,0.0,0.0,0.0,0.74,0.26,0.4788722222222222,0.35,11
Malcolm Roach,DEN,DL,DL,1.0,0.0,0.0,0.0,0.76,0.25,0.44886345136345146,0.65,6
Leo Chenal,WAS,LB,LB,1.0,0.0,0.0,0.0,0.83,0.18,0.44161240310077515,0.2,4
D'Marco Jackson,CHI,LB,LB,1.0,0.0,0.0,0.0,0.92,0.08,0.19892776939835763,0.45,4
Nick Mullens,JAX,QB,QB,0.99,0.91,-0.16,0.0,0.0,0.24,0.2378666666666666,0.0,9
Sauce Gardner,IND,DB,DB,0.99,0.0,0.0,0.0,0.56,0.43,0.864310533515732,0.62,4
Cam Hart,LAC,DB,DB,0.99,0.0,0.0,0.0,0.69,0.3,0.6074117647058822,0.15,2
Mack Hollins,NE,WR,WR,0.99,0.0,0.04,0.72,0.0,0.22,0.6336762192056311,0.3,9
Justin Strnad,DEN,LB,LB,0.99,0.0,0.0,0.0,0.83,0.16,0.40204629629629623,0.0,6
Renardo Green,SF,DB,DB,0.98,0.0,0.0,0.0,0.58,0.4,0.8061948529411764,0.0,2
Keion White,SF,DL,DL,0.98,0.0,0.0,0.0,0.66,0.32,0.5773567119155355,0.35,3
Mekhi Blackmon,IND,DB,DB,0.98,0.0,0.0,0.0,0.67,0.31,0.6226753812636164,0.15,3
Dalvin Tomlinson,LAC,DL,DL,0.97,0.0,0.0,0.0,0.67,0.3,0.5532103174603175,0.75,9
DJ Reader,NYG,DL,DL,0.97,0.0,0.0,0.0,0.66,0.31,0.5547661347939985,0.65,10
Logan Hall,HOU,DL,DL,0.97,0.0,0.0,0.0,0.68,0.29,0.5330042559659522,0.35,4
Darius Alexander,NYG,DL,DL,0.97,0.0,0.0,0.0,0.76,0.21,0.386875,0.35,1
Terrion Arnold,DET,DB,DB,0.96,0.0,0.0,0.0,0.58,0.37,0.7469025735294118,0.3,2
Coby Bryant,CHI,DB,DB,0.96,0.0,0.0,0.0,0.59,0.37,0.7378476972184222,0.62,4
Derrick Harmon,PIT,DL,DL,0.96,0.0,0.0,0.0,0.66,0.3,0.5530769230769231,0.55,1
Avonte Maddox,DET,DB,DB,0.96,0.0,0.0,0.0,0.75,0.21,0.41683500551735836,0.0,8
Malachi Moore,NYJ,DB,DB,0.95,0.0,0.0,0.03,0.5,0.41,0.8241176470588236,0.15,1
Roy Robertson-Harris,NYG,DL,DL,0.95,0.0,0.0,0.0,0.66,0.29,0.5201674775173227,0.55,10
Ashton Gillotte,KC,DL,DL,0.95,0.0,0.0,0.0,0.69,0.25,0.4617647058823529,0.65,1
Brenton Strange,JAX,TE,TE,0.95,0.0,0.0,0.69,0.08,0.18,0.6135247708550876,0.8,3
Nick Scott,CAR,DB,DB,0.94,0.0,0.0,0.0,0.57,0.37,0.7472782135076252,0.62,7
Jonathan Jones,PHI,DB,DB,0.94,0.0,0.0,0.0,0.61,0.33,0.6535043572984749,0.3,10
Pete Werner,NO,LB,LB,0.94,0.0,0.0,0.0,0.65,0.29,0.7216448843640022,0.2,5
Calvin Ridley,TEN,WR,WR,0.94,0.0,0.01,0.68,0.0,0.25,0.7041488009838083,0.85,8
Jakobi Meyers,JAX,WR,WR,0.93,-0.02,0.15,0.49,0.0,0.31,0.8724642208735346,0.8,7
Riley Leonard,IND,QB,QB,0.92,0.48,0.04,0.0,0.0,0.39,0.394,0.0,1
Deonte Banks,NYG,DB,DB,0.92,0.0,0.0,0.0,0.59,0.33,0.6553962148962148,0.0,3
Dalton Schultz,HOU,TE,TE,0.92,0.0,0.0,0.7,0.0,0.22,0.7342125138554447,0.8,8
Kindle Vildor,NE,DB,DB,0.92,0.0,0.0,0.0,0.74,0.18,0.36387605466429,0.15,6
Devaughn Vele,NO,WR,WR,0.92,0.0,0.0,0.74,0.0,0.18,0.5124793956043955,0.85,2
Chidobe Awuzie,BAL,DB,DB,0.91,0.0,0.0,0.0,0.56,0.35,0.6991675485008818,0.15,9
Darius Slayton,NYG,WR,WR,0.91,0.0,0.09,0.54,0.0,0.28,0.797432262363635,0.8,7
R.J. Mickens,LAC,DB,DB,0.91,0.0,0.0,0.0,0.68,0.23,0.46923076923076923,0.0,1
Sam Williams,DAL,DL,DL,0.91,0.0,0.0,0.0,0.71,0.2,0.372100990934008,0.25,4
Dominique Robinson,HOU,DL,DL,0.91,0.0,0.0,0.0,0.75,0.16,0.2925666672588697,0.25,4
Jauan Jennings,MIN,WR,WR,0.9,0.27,-0.05,0.44,0.0,0.24,0.6958859391124872,0.6,6
Xavier Worthy,KC,WR,WR,0.9,0.0,0.12,0.53,0.0,0.24,0.6932589285714286,0.8,2
Hunter Henry,NE,TE,TE,0.9,0.0,0.0,0.67,0.0,0.23,0.7781630874572051,0.8,10
Jerry Tillery,IND,DL,DL,0.9,0.0,0.0,0.0,0.67,0.23,0.4136875816993464,0.25,7
Marist Liufau,DAL,LB,LB,0.9,0.0,0.0,0.0,0.78,0.12,0.29110294117647056,0.2,2
Easton Stick,IND,QB,QB,0.89,-0.08,0.07,0.0,0.0,0.91,0.908,0.0,7
Jonas Sanker,NO,DB,DB,0.89,0.0,0.0,0.0,0.44,0.45,0.8905882352941178,0.3,1
Tetairoa McMillan,CAR,WR,WR,0.89,0.0,0.0,0.59,0.0,0.31,0.8733333333333333,0.8,1
Nohl Williams,KC,DB,DB,0.89,0.0,0.0,0.0,0.68,0.21,0.4288235294117647,0.15,1
Quinn Ewers,MIA,QB,QB,0.88,0.57,-0.36,-0.12,0.0,0.79,0.79,0.0,1
Emmanuel Forbes,LA,DB,DB,0.88,0.0,0.0,0.0,0.6,0.28,0.559871794871795,0.0,3
Troy Andersen,ATL,LB,LB,0.88,0.0,0.0,0.0,0.61,0.27,0.6810467665327,0.0,4
Karl Brooks,GB,DL,DL,0.88,0.0,0.0,0.0,0.62,0.26,0.480924558757376,0.55,3
Denzel Perryman,LAC,LB,LB,0.88,0.0,0.0,0.0,0.66,0.22,0.5611153198653199,0.0,11
Trikweze Bridges,DAL,DB,DB,0.88,0.0,0.0,0.0,0.76,0.12,0.234375,0.0,1
Ja'Marcus Ingram,HOU,DB,DB,0.88,0.0,0.0,0.0,0.8,0.08,0.15325581395348842,0.15,4
Mike Hughes,ATL,DB,DB,0.87,0.0,0.0,0.0,0.52,0.36,0.7125444444444444,0.15,8
Carrington Valentine,GB,DB,DB,0.87,0.0,0.0,0.0,0.53,0.34,0.6775775978407558,0.3,3
Marcus Epps,PHI,DB,DB,0.87,0.0,0.0,0.0,0.54,0.33,0.6640663650075415,0.15,7
T'Vondre Sweat,NYJ,DL,DL,0.87,0.0,0.0,0.0,0.56,0.31,0.5679534313725491,0.0,2
Donovan Ezeiruaku,DAL,DL,DL,0.87,0.0,0.0,0.0,0.57,0.3,0.5511764705882354,0.35,1
Myles Bryant,CLE,DB,DB,0.87,0.0,0.0,0.0,0.64,0.23,0.45191553544494717,0.62,6
Michael Hoecht,BUF,LB,LB,0.87,0.0,0.0,0.0,0.65,0.22,0.5553677002964926,0.45,6
Khalil Shakir,BUF,WR,WR,0.87,0.0,-0.02,0.7,0.0,0.2,0.5700955392356861,0.8,4
Jamaree Caldwell,LAC,DL,DL,0.86,0.0,0.0,0.0,0.59,0.27,0.4861111111111112,0.55,1
Maason Smith,ATL,DL,DL,0.86,0.0,0.0,0.0,0.63,0.23,0.4196153846153845,0.25,2
Solomon Thomas,TEN,DL,DL,0.86,0.0,0.0,0.0,0.63,0.22,0.40695715323166304,0.55,9
Theo Jackson,MIN,DB,DB,0.86,0.0,0.0,0.0,0.7,0.16,0.32781838316722045,0.62,4
Jeremy Reaves,WAS,DB,DB,0.86,0.0,0.0,0.0,0.7,0.16,0.31863529411764707,0.0,8
BJ Ojulari,ARI,LB,LB,0.86,0.0,0.0,0.0,0.71,0.15,0.3733660130718955,0.0,3
Luther Burden III,CHI,WR,WR,0.86,0.0,0.03,0.68,0.0,0.15,0.41823529411764704,0.8,1
Kalif Raymond,CHI,WR,WR,0.86,0.0,0.16,0.57,0.0,0.13,0.36013662644544997,0.6,10
Derion Kendrick,DAL,DB,DB,0.85,0.0,0.0,0.0,0.69,0.16,0.3166702508960574,0.0,4
Jeremiah Pharms Jr.,NE,DL,DL,0.85,0.0,0.0,0.0,0.7,0.16,0.28363247863247865,0.65,6
Oren Burks,CIN,LB,LB,0.85,0.0,0.0,0.0,0.73,0.12,0.2932137358647162,0.2,8
Tyrod Taylor,GB,QB,QB,0.84,0.37,-0.03,0.0,0.0,0.51,0.5067474747474746,0.0,15
Kevin Winston Jr.,TEN,DB,DB,0.84,0.0,0.0,0.0,0.59,0.25,0.5029999999999999,0.3,1
Isaiah Oliver,ARI,DB,DB,0.84,0.0,0.0,0.0,0.63,0.21,0.41456093993152815,0.0,8
David Ojabo,MIA,LB,LB,0.84,0.0,0.0,0.0,0.74,0.11,0.26671317829457364,0.0,4
DeAngelo Malone,ATL,LB,LB,0.84,0.0,0.0,0.0,0.82,0.02,0.05837756497948015,0.0,4
Michael Pittman,PIT,WR,WR,0.83,0.0,0.02,0.5,0.0,0.31,0.8824771241830065,0.8,6
DaVon Hamilton,JAX,DL,DL,0.83,0.0,0.0,0.0,0.58,0.25,0.45731004663073804,0.55,6
Jonathan Bullard,DAL,DL,DL,0.83,0.0,0.0,0.0,0.59,0.23,0.42400737388972687,0.0,10
Jalen McMillan,TB,WR,WR,0.83,0.0,0.18,0.44,0.0,0.21,0.5926785714285715,0.8,2
Jalen Davis,CIN,DB,DB,0.83,0.0,0.0,0.0,0.64,0.2,0.395282446311858,0.15,8
Leki Fotu,NYG,DL,DL,0.83,0.0,0.0,0.0,0.64,0.19,0.34973499702911465,0.25,6
Tyquan Thornton,KC,WR,WR,0.83,0.0,0.1,0.29,0.3,0.14,0.3928065990856688,0.6,4
Malaki Starks,BAL,DB,DB,0.82,0.0,0.0,0.0,0.35,0.47,0.9364705882352942,0.3,1
Micah McFadden,NYG,LB,LB,0.82,0.0,0.0,0.0,0.65,0.17,0.4294790648817666,0.0,4
Adetomiwa Adebawore,IND,DL,DL,0.82,0.0,0.0,0.0,0.65,0.17,0.3077435897435896,0.0,3
Christian Harris,ATL,LB,LB,0.82,0.0,0.0,0.0,0.67,0.16,0.38869250645994835,0.0,4
Dylan Horton,HOU,DL,DL,0.82,0.0,0.0,0.0,0.69,0.13,0.2418945868945869,0.0,3
Julian Okwara,CLE,LB,LB,0.82,0.0,0.0,0.0,0.7,0.12,0.3039070085470086,0.2,6
Xavier Smith,LA,WR,WR,0.82,0.0,0.19,0.58,0.0,0.05,0.1464551083591331,0.6,3
Denzel Burke,ARI,DB,DB,0.81,0.0,0.0,0.0,0.52,0.29,0.5811764705882353,0.0,1
Josh Jobe,SEA,DB,DB,0.81,0.0,0.0,0.0,0.52,0.28,0.5631764877309553,0.62,4
Ricky Pearsall,SF,WR,WR,0.81,-0.02,-0.13,0.7,0.0,0.26,0.7343749999999999,0.8,2
L.J. Collier,ARI,DL,DL,0.81,0.0,0.0,0.0,0.59,0.22,0.40733333333333327,0.25,7
Kyle Pitts,ATL,TE,TE,0.81,0.0,-0.01,0.59,0.0,0.23,0.7533228758169934,0.8,5
Jordan Howden,NO,DB,DB,0.81,0.0,0.0,0.0,0.62,0.19,0.3750848416289593,0.0,3
Pat Freiermuth,PIT,TE,TE,0.81,0.0,0.0,0.63,0.0,0.18,0.5981484833249539,0.8,5
Felix Anudike-Uzomah,KC,DL,DL,0.81,0.0,0.0,0.0,0.68,0.14,0.2458362573099415,0.55,3
Isaac Yiadom,NO,DB,DB,0.81,0.0,0.0,0.0,0.68,0.13,0.26782010582010585,0.0,8
Tyler Nubin,NYG,DB,DB,0.8,0.0,0.0,0.0,0.33,0.47,0.9350961538461539,0.15,2
Darnell Mooney,NYG,WR,WR,0.8,-0.02,-0.02,0.54,0.0,0.29,0.8405403050108933,0.6,6
Keyon Martin,BAL,DB,DB,0.8,0.0,0.0,0.0,0.63,0.18,0.35,0.0,1
Eyioma Uwazurike,DEN,DL,DL,0.8,0.0,0.0,0.0,0.62,0.17,0.31761695906432746,0.55,4
Terell Smith,CHI,DB,DB,0.8,0.0,0.0,0.0,0.63,0.17,0.3340789473684211,0.3,3
Rodney Thomas,SEA,DB,DB,0.8,0.0,0.24,0.0,0.42,0.14,0.2741039671682627,0.3,4
Mason Graham,CLE,DL,DL,0.79,0.0,0.0,0.0,0.39,0.4,0.7288235294117646,0.55,1
Brock Bowers,LV,TE,TE,0.79,0.0,-0.12,0.65,0.0,0.26,0.8555085784313726,0.8,2
Akeem Davis-Gaither,IND,LB,LB,0.79,0.0,0.0,0.0,0.6,0.19,0.48622404511362205,0.9,6
Darius Robinson,ARI,DL,DL,0.78,0.0,0.0,0.0,0.51,0.27,0.4960416666666667,0.35,2
Juwan Johnson,NO,TE,TE,0.78,0.0,0.0,0.58,0.0,0.2,0.6747703440350499,0.8,6
Mike Hall Jr.,CLE,DL,DL,0.78,0.0,0.0,0.0,0.58,0.2,0.35840277777777774,0.35,2
Isaiah McDuffie,GB,LB,LB,0.78,0.0,0.0,0.0,0.6,0.18,0.4607785039941901,0.2,5
Spencer Rattler,NO,QB,QB,0.77,0.21,0.07,-0.35,0.0,0.84,0.8409523809523809,0.0,2
Upton Stout,SF,DB,DB,0.77,0.0,0.0,0.0,0.48,0.29,0.5805555555555555,0.0,1
Dee Winters,DAL,LB,LB,0.77,0.0,0.0,0.0,0.53,0.24,0.6081225071225069,0.45,3
Tanner McKee,PHI,QB,QB,0.76,0.42,-0.12,0.0,0.0,0.46,0.46312499999999995,0.0,3
Chuck Clark,DET,DB,DB,0.76,0.0,0.0,0.0,0.43,0.33,0.6650657894736842,0.0,9
Quentin Johnston,LAC,WR,WR,0.76,0.0,-0.07,0.57,0.0,0.26,0.7312393162393162,0.8,3
Tank Dell,HOU,WR,WR,0.76,-0.01,-0.1,0.63,0.0,0.24,0.6771565276828433,0.8,3
Parker Washington,JAX,WR,WR,0.76,0.0,-0.07,0.64,0.0,0.2,0.5573839450310039,0.6,3
Chris Olave,NO,WR,WR,0.76,-0.21,-0.07,0.79,0.0,0.26,0.7460319767441861,0.8,4
Jack Sanborn,CHI,LB,LB,0.76,0.0,0.0,0.0,0.59,0.17,0.4209732264999023,0.2,4
Derrick Henry,BAL,RB,RB,0.76,0.04,0.52,0.06,0.0,0.14,0.5699988533425066,0.65,10
Eric Stokes,LV,DB,DB,0.75,0.0,0.0,0.0,0.36,0.39,0.7808634713144517,0.62,5
Rome Odunze,CHI,WR,WR,0.75,0.0,0.04,0.41,0.0,0.3,0.8505094537815124,0.85,2
Tedarrell Slaton,CIN,DL,DL,0.75,0.0,0.0,0.0,0.5,0.26,0.4653780529755761,0.25,5
Josh Palmer,BUF,WR,WR,0.75,0.0,0.01,0.44,0.08,0.21,0.596682788671024,0.6,5
Sam Howell,DAL,QB,QB,0.74,0.13,0.04,-0.01,0.0,0.58,0.5768286445012789,0.0,4
Omar Speights,LA,LB,LB,0.74,0.0,0.0,0.0,0.51,0.23,0.5666447368421053,0.2,2
Kendrick Bourne,ARI,WR,WR,0.74,0.01,0.11,0.42,0.0,0.2,0.5745925925925925,0.6,9
Payton Turner,DET,DL,DL,0.74,0.0,0.0,0.0,0.59,0.16,0.28724,0.55,5
James Pierre,MIN,DB,DB,0.74,0.0,0.0,-0.13,0.74,0.13,0.26733115468409585,0.3,6
Tre Brown,NYJ,DB,DB,0.74,0.0,0.0,0.0,0.62,0.12,0.2456315832315832,0.0,5
Will Johnson,ARI,DB,DB,0.73,0.0,0.0,0.0,0.29,0.44,0.8725,0.3,1
Reddy Steward,DAL,DB,DB,0.73,0.0,0.0,0.0,0.52,0.21,0.4114705882352941,0.0,2
Desjuan Johnson,LA,DL,DL,0.73,0.0,0.0,0.0,0.61,0.12,0.22227920227920225,0.25,3
Ryan Flournoy,DAL,WR,WR,0.73,0.0,0.0,0.6,0.0,0.12,0.3546875,0.6,2
Shavon Revel Jr.,DAL,DB,DB,0.72,0.0,0.0,0.0,0.31,0.41,0.8114285714285714,0.15,1
Trey Amos,WAS,DB,DB,0.72,0.0,0.0,0.0,0.33,0.39,0.7809999999999999,0.0,1
Jerry Jeudy,CLE,WR,WR,0.72,0.0,0.31,0.13,0.0,0.28,0.8100556644880174,0.85,6
Rashod Bateman,BAL,WR,WR,0.72,0.0,0.02,0.47,0.0,0.23,0.6542862997950718,0.6,5
K'Von Wallace,BAL,DB,DB,0.72,0.0,0.0,0.0,0.51,0.22,0.43235132275132276,0.0,6
Cole Holcomb,PIT,LB,LB,0.72,0.0,0.0,0.0,0.54,0.18,0.45042388167388175,0.0,7
Lathan Ransom,CAR,DB,DB,0.72,0.0,0.0,0.0,0.55,0.17,0.34117647058823536,0.15,1
Isaiah Likely,NYG,TE,TE,0.72,0.0,0.0,0.55,0.0,0.16,0.5433339847566934,0.4,4
Cameron Thomas,ATL,DL,DL,0.72,0.0,0.0,0.0,0.59,0.13,0.2417647058823529,0.0,4
Christian Roland-Wallace,KC,DB,DB,0.72,0.0,0.0,0.0,0.6,0.13,0.25339772727272725,0.0,2
Chris Braswell,TB,LB,LB,0.72,0.0,0.0,0.0,0.61,0.11,0.27678921568627446,0.0,2
Michael Wilson,ARI,WR,WR,0.71,0.0,-0.06,0.49,0.0,0.28,0.8055920060331823,0.8,3
Elijah Roberts,TB,DL,DL,0.71,0.0,0.0,0.0,0.45,0.27,0.48352941176470593,0.25,1
Cody Simon,ARI,LB,LB,0.71,0.0,0.0,0.0,0.5,0.21,0.524375,0.0,1
Zachary Carter,ARI,DL,DL,0.71,0.0,0.0,0.0,0.5,0.2,0.3718165454676363,0.0,4
Mykal Walker,NYJ,LB,LB,0.71,0.0,0.0,0.0,0.6,0.11,0.2671802054154995,0.45,6
Cole Kmet,CHI,TE,TE,0.7,-0.03,0.05,0.38,0.06,0.24,0.7876252723311544,0.4,6
Naquan Jones,HOU,DL,DL,0.7,0.0,0.0,0.0,0.55,0.15,0.2772566137566137,0.0,5
DeMario Douglas,NE,WR,WR,0.7,0.0,0.09,0.46,0.0,0.15,0.43170401493930904,0.15,3
Jahmyr Gibbs,DET,RB,RB,0.7,0.0,0.26,0.28,0.0,0.15,0.6133190883190883,0.65,3
Daniel Bellinger,TEN,TE,TE,0.7,-0.0,0.03,0.52,0.0,0.15,0.4975185655657612,0.8,4
Markquese Bell,DAL,DB,DB,0.7,0.0,0.0,0.0,0.57,0.14,0.2747402992204634,0.0,4
Alijah Huzzie,HOU,DB,DB,0.7,0.0,0.0,0.0,0.61,0.08,0.17,0.0,1
Andy Dalton,PHI,QB,QB,0.69,0.23,-0.08,0.0,0.0,0.55,0.5468359788359789,0.0,15
Malcolm Rodriguez,DET,LB,LB,0.69,0.0,0.0,0.0,0.57,0.12,0.3047774086378737,0.2,4
Antonio Hamilton,WAS,DB,DB,0.69,0.0,0.0,0.0,0.57,0.12,0.2327319865319865,0.0,10
Trevor Nowaske,DET,LB,LB,0.69,0.0,0.0,0.0,0.63,0.06,0.15022222222222223,0.0,3
J.J. McCarthy,MIN,QB,QB,0.68,-0.34,0.1,0.0,0.0,0.92,0.916,0.0,2
Tyler Higbee,LA,TE,TE,0.68,0.0,0.0,0.5,0.0,0.17,0.5744850622870231,0.8,10
Kenny Pickett,CAR,QB,QB,0.67,0.0,0.23,0.0,0.0,0.44,0.4421914132379248,0.0,4
Kalia Davis,CLE,DL,DL,0.67,0.0,0.0,0.0,0.46,0.21,0.37366863905325437,0.25,4
Demarcus Robinson,SF,WR,WR,0.67,0.0,0.08,0.39,0.0,0.2,0.566568814738371,0.6,10
Jonathan Owens,IND,DB,DB,0.67,0.0,0.0,0.0,0.5,0.16,0.3282140645731977,0.0,8
Eli Apple,SF,DB,DB,0.67,0.0,0.0,0.0,0.53,0.14,0.2892395061728395,0.0,10
Josh Wallace,LA,DB,DB,0.67,0.0,0.0,0.0,0.57,0.1,0.19673374613003095,0.0,2
Starling Thomas V,ARI,DB,DB,0.66,0.0,0.0,0.0,0.31,0.36,0.7108797729618164,0.0,3
Teddy Bridgewater,DET,QB,QB,0.66,0.44,0.07,0.0,0.0,0.15,0.14898412698412697,0.0,12
Quincy Riley,NO,DB,DB,0.66,0.0,0.0,0.0,0.39,0.27,0.5394117647058824,0.0,1
Kaiir Elam,KC,DB,DB,0.66,0.0,0.0,0.0,0.41,0.26,0.5174152823920267,0.0,4
Levi Onwuzurike,DET,DL,DL,0.66,0.0,0.0,0.0,0.41,0.25,0.45000296272355095,0.65,5
Cedric Gray,TEN,LB,LB,0.66,0.0,0.0,0.0,0.41,0.24,0.6084375,0.2,2
Neville Gallimore,CHI,DL,DL,0.65,0.0,0.0,0.0,0.46,0.19,0.35165795206971673,0.0,6
Trenton Simpson,BAL,LB,LB,0.65,0.0,0.0,0.0,0.51,0.14,0.3461498769548305,0.0,3
Jordan Elliott,TEN,DL,DL,0.64,0.0,0.0,0.0,0.38,0.26,0.46835000000000004,0.35,6
Walter Nolen,ARI,DL,DL,0.64,0.0,0.0,0.0,0.4,0.24,0.4316666666666667,0.0,1
Shy Tuttle,WAS,DL,DL,0.64,0.0,0.0,0.0,0.43,0.22,0.3968618736383441,0.0,7
Drake Jackson,WAS,DL,DL,0.64,0.0,0.0,0.0,0.48,0.16,0.2982177419354839,0.0,4
Isaiah Stalbird,NO,LB,LB,0.64,0.0,0.0,0.0,0.63,0.02,0.03970588235294118,0.0,2
Alfred Collins,SF,DL,DL,0.63,0.0,0.0,0.0,0.37,0.26,0.4794444444444445,0.0,1
Benito Jones,LV,DL,DL,0.63,0.0,0.0,0.0,0.43,0.2,0.36518741450068404,0.0,6
Josh Newton,CIN,DB,DB,0.63,0.0,0.0,0.0,0.45,0.18,0.35801470588235296,0.0,2
Tatum Bethune,SF,LB,LB,0.63,0.0,0.0,0.0,0.48,0.15,0.36676948051948055,0.45,2
Demetrius Flannigan-Fowles,BUF,LB,LB,0.63,0.0,0.0,0.0,0.53,0.1,0.2506549707602339,0.2,7
Rock Ya-Sin,DET,DB,DB,0.62,0.0,0.0,0.0,0.41,0.21,0.41151259198318013,0.0,7
Jaden Hicks,KC,DB,DB,0.62,0.0,-0.2,0.0,0.62,0.2,0.4014558823529411,0.0,2
Ty Okada,SEA,DB,DB,0.62,0.0,0.0,0.0,0.45,0.17,0.344102564102564,0.15,3
Cam Lewis,CHI,DB,DB,0.62,0.0,0.0,0.0,0.44,0.17,0.34531280051981805,0.15,7
Amani Oruwariye,BAL,DB,DB,0.62,0.0,0.0,0.0,0.47,0.15,0.3026315789473684,0.0,7
Marvin Mims Jr.,DEN,WR,WR,0.62,0.0,0.06,0.43,0.0,0.13,0.3640645424836601,0.6,3
Larrell Murchison,LA,DL,DL,0.62,0.0,0.0,0.0,0.53,0.09,0.16224690082644624,0.0,6
Kenneth Grant,MIA,DL,DL,0.61,0.0,0.0,0.0,0.32,0.29,0.52,0.75,1
Darrell Baker Jr.,MIA,DB,DB,0.61,0.0,0.0,0.0,0.32,0.28,0.563673050615595,0.92,4
Mike Green,BAL,LB,LB,0.61,0.0,0.0,0.0,0.35,0.25,0.6358823529411763,0.45,1
Levi Drake Rodriguez,MIN,DL,DL,0.61,0.0,0.0,0.0,0.44,0.17,0.30046875,0.75,2
Marco Wilson,MIA,DB,DB,0.61,0.0,0.0,0.0,0.45,0.16,0.3156201058201058,0.82,5
Que Robinson,DEN,LB,LB,0.61,0.0,0.0,0.0,0.48,0.13,0.32142857142857145,0.0,1
Samuel Womack,NYJ,DB,DB,0.6,0.0,0.0,0.0,0.42,0.18,0.35136510907912744,0.0,4
Darnay Holmes,ATL,DB,DB,0.6,0.0,0.0,0.0,0.48,0.12,0.2469197403903286,0.0,6
JD Bertrand,ATL,LB,LB,0.6,0.0,0.0,0.0,0.53,0.08,0.19499999999999995,0.0,2
Max Melton,ARI,DB,DB,0.59,0.0,0.0,0.0,0.28,0.31,0.61125,0.0,2
Theo Johnson,NYG,TE,TE,0.59,0.0,0.0,0.33,0.0,0.26,0.8577083333333332,0.8,2
Ruke Orhorhoro,JAX,DL,DL,0.59,0.0,0.0,0.0,0.35,0.24,0.44076286764705874,0.35,2
Tyleik Williams,DET,DL,DL,0.59,0.0,0.0,0.0,0.36,0.22,0.40705882352941164,0.35,1
Tyler Davis,LA,DL,DL,0.59,0.0,0.0,0.0,0.39,0.2,0.37229166666666674,0.35,2
Ambry Thomas,PHI,DB,DB,0.59,0.0,0.0,0.0,0.41,0.18,0.3591953601953602,0.0,5
Ty'Ron Hopper,GB,LB,LB,0.59,0.0,0.0,0.0,0.56,0.03,0.08013888888888887,0.0,2
Thomas Booker,LV,DL,DL,0.58,0.0,0.0,0.0,0.37,0.21,0.379109243697479,0.0,4
Jayden Higgins,HOU,WR,WR,0.58,0.0,0.0,0.37,0.0,0.2,0.5826315789473685,0.6,1
Christian McCaffrey,SF,RB,RB,0.58,0.01,-0.39,0.77,0.0,0.19,0.7799194653299915,0.65,9
Marcus Harris,TEN,DB,DB,0.58,0.0,0.0,0.0,0.39,0.19,0.3821428571428571,0.15,1
CJ West,SF,DL,DL,0.58,0.0,0.0,0.0,0.4,0.18,0.32812500000000006,0.0,1
Akayleb Evans,CAR,DB,DB,0.58,0.0,0.0,0.0,0.48,0.1,0.2002881896944824,0.0,4
Broderick Washington,BAL,DL,DL,0.57,0.0,0.0,0.0,0.34,0.24,0.43196119929453264,0.25,6
Andrei Iosivas,CIN,WR,WR,0.57,0.0,-0.02,0.35,0.0,0.24,0.6784700226244342,0.6,3
Michael Carter II,PHI,DB,DB,0.57,0.0,0.0,0.0,0.37,0.2,0.40724392731451553,0.0,5
Yahya Black,PIT,DL,DL,0.57,0.0,0.0,0.0,0.37,0.2,0.3633333333333334,0.35,1
Isaiah Hodgins,NYG,WR,WR,0.57,0.0,0.0,0.38,0.0,0.19,0.5509996887643948,0.3,6
Dontayvion Wicks,PHI,WR,WR,0.57,0.02,0.04,0.34,0.0,0.17,0.48648926237161527,0.8,3
James Lynch,CHI,DL,DL,0.57,0.0,0.0,0.0,0.41,0.16,0.2822088592522029,0.0,6
Khalid Kareem,NYG,DL,DL,0.57,0.0,0.0,0.0,0.42,0.15,0.27371717171717175,0.0,6
James Cook,BUF,RB,RB,0.57,0.0,0.12,0.32,0.0,0.13,0.5148075615395077,0.65,4
Kemon Hall,TB,DB,DB,0.57,0.0,0.0,0.0,0.48,0.09,0.17470394736842107,0.15,7
Jake Browning,TB,QB,QB,0.56,-0.17,0.26,-0.06,0.0,0.53,0.5313960113960113,0.0,7
Tory Horton,SEA,WR,WR,0.56,0.0,0.0,0.39,0.0,0.17,0.48125000000000007,0.8,1
Pat Bryant,DEN,WR,WR,0.56,0.0,-0.04,0.45,0.0,0.15,0.43235294117647055,0.3,1
Josh Johnson,CIN,QB,QB,0.55,0.89,-0.68,0.0,0.0,0.34,0.3446929824561404,0.0,18
Javon Bullard,GB,DB,DB,0.55,0.0,0.0,0.0,0.2,0.35,0.7064670138888888,0.0,2
Colby Wooden,IND,DL,DL,0.55,0.0,0.0,0.0,0.33,0.22,0.39542895700790437,0.0,3
Ta'Quon Graham,PHI,DL,DL,0.55,0.0,0.0,0.0,0.34,0.21,0.3900969696969697,0.35,5
Dane Jackson,JAX,DB,DB,0.55,0.0,0.0,0.0,0.41,0.14,0.28864809081527354,0.15,6
Troy Dye,LAC,LB,LB,0.55,0.0,0.0,0.0,0.43,0.12,0.30610544662309375,0.0,6
Kei'Trel Clark,ARI,DB,DB,0.55,0.0,0.0,0.0,0.43,0.11,0.22905494505494503,0.0,3
Ty Johnson,BUF,RB,RB,0.55,0.0,0.08,0.4,0.0,0.07,0.26670653594771243,0.3,7
LeQuint Allen Jr.,JAX,RB,RB,0.55,0.0,-0.02,-0.11,0.63,0.06,0.22444444444444445,0.65,1
Davon Godchaux,NO,DL,DL,0.54,0.0,0.0,0.0,0.26,0.29,0.5185548293391431,0.55,9
Teddye Buchanan,BAL,LB,LB,0.54,0.0,0.0,0.0,0.26,0.28,0.7078571428571429,0.2,1
Maxwell Hairston,BUF,DB,DB,0.54,0.0,0.0,0.0,0.25,0.28,0.5672727272727273,0.0,1
Olamide Zaccheaus,ATL,WR,WR,0.54,0.0,0.11,0.25,0.0,0.17,0.49630312273057364,0.8,7
Jason Marshall Jr.,MIA,DB,DB,0.54,0.0,0.0,0.0,0.39,0.16,0.31416666666666665,0.3,1
Alex Austin,MIA,DB,DB,0.54,0.0,0.0,0.0,0.4,0.14,0.2700747863247864,0.15,3
David Moore,CAR,WR,WR,0.54,0.0,0.02,0.39,0.0,0.13,0.3678224135182528,0.6,9
Ray Davis,BUF,RB,RB,0.54,0.0,0.12,0.37,0.0,0.05,0.18541118421052633,0.1,2
Benjamin Morrison,TB,DB,DB,0.53,0.0,0.0,0.0,0.22,0.31,0.625,0.3,1
Tyler Warren,IND,TE,TE,0.53,-0.02,-0.31,0.61,0.0,0.25,0.8382352941176471,0.8,1
Azareye'h Thomas,NYJ,DB,DB,0.53,0.0,0.0,0.0,0.33,0.2,0.3958333333333333,0.0,1
Bobby Brown III,CAR,DL,DL,0.53,0.0,0.0,0.0,0.34,0.19,0.3418310091467986,0.55,5
Jesse Luketa,NE,LB,LB,0.53,0.0,0.0,0.0,0.45,0.09,0.2126832298136646,0.0,4
DeWayne Carter,BUF,DL,DL,0.52,0.0,0.0,0.0,0.29,0.23,0.4263636363636364,0.35,2
Noah Igbinoghene,SEA,DB,DB,0.52,0.0,0.0,0.0,0.31,0.21,0.4157608465608466,0.0,6
Dante Trader Jr.,MIA,DB,DB,0.52,0.0,0.0,0.0,0.32,0.2,0.40058823529411763,0.88,1
Josh Oliver,MIN,TE,TE,0.52,0.0,0.0,0.38,0.0,0.14,0.46125189334993255,0.4,7
Brenton Cox Jr.,GB,DL,DL,0.52,0.0,0.0,0.0,0.38,0.13,0.24275641025641026,0.35,3
Jordan Whittington,LA,WR,WR,0.52,0.0,0.13,0.27,0.0,0.12,0.35422987616099066,0.3,2
Kenneth Gainwell,TB,RB,RB,0.52,0.03,-0.03,0.07,0.36,0.1,0.38930868347338937,0.65,5
Davis Mills,HOU,QB,QB,0.51,0.1,-0.12,0.0,0.0,0.53,0.5348820512820512,0.0,5
Nick Westbrook-Ikhine,IND,WR,WR,0.51,0.0,0.0,0.31,0.0,0.2,0.5832745098039216,0.8,6
Josh Butler,DAL,DB,DB,0.51,0.0,0.0,0.0,0.31,0.2,0.39949999999999997,0.0,3
Jake Ferguson,DAL,TE,TE,0.51,0.0,-0.08,0.39,0.0,0.2,0.6518324539117972,0.8,4
Jalen Tolbert,MIA,WR,WR,0.51,0.0,0.0,0.33,0.0,0.19,0.5306452932991922,0.85,4
Dawson Knox,BUF,TE,TE,0.51,0.01,0.0,0.31,0.0,0.19,0.6175118679050567,0.4,7
Kris Abrams-Draine,DEN,DB,DB,0.51,0.0,0.0,0.0,0.41,0.11,0.21358552631578945,0.15,2
Wan'Dale Robinson,TEN,WR,WR,0.5,0.0,0.08,0.14,0.0,0.28,0.790890104879161,0.8,4
Cameron Mitchell,IND,DB,DB,0.5,0.0,0.0,0.0,0.32,0.18,0.3620211161387632,0.0,3
Justin Watson,HOU,WR,WR,0.5,0.0,0.0,0.37,0.0,0.14,0.3905543859649123,0.3,8
T.J. Hockenson,MIN,TE,TE,0.49,0.0,-0.12,0.39,0.0,0.22,0.7453124579124579,0.8,7
Austin Hooper,ATL,TE,TE,0.49,0.0,0.0,0.34,0.0,0.15,0.5140277777777776,0.4,10
McKinnley Jackson,CIN,DL,DL,0.49,0.0,0.0,0.0,0.34,0.14,0.26355769230769227,0.0,2
Isaac TeSlaa,DET,WR,WR,0.49,0.0,0.0,0.35,0.0,0.14,0.396470588235294,0.6,1
Ja'Sir Taylor,CIN,DB,DB,0.49,0.0,0.0,0.0,0.36,0.13,0.25313978188174496,0.0,4
Barryn Sorrell,GB,DL,DL,0.49,0.0,0.0,0.0,0.38,0.11,0.2,0.25,1
Tyrell Shavers,BUF,WR,WR,0.49,0.0,0.0,0.38,0.0,0.11,0.31243055555555554,0.15,3
Dell Pettus,NE,DB,DB,0.49,0.0,0.14,0.0,0.26,0.09,0.17953081232492993,0.0,2
Jaylin Simpson,GB,DB,DB,0.48,0.0,0.0,0.0,0.0,0.48,0.9562499999999999,0.15,2
Tyson Bagent,CHI,QB,QB,0.48,0.22,0.04,0.0,0.0,0.21,0.20936752136752132,0.0,3
Tre Tucker,LV,WR,WR,0.48,0.0,0.05,0.15,0.0,0.28,0.813472850678733,0.85,3
Oluwafemi Oladejo,TEN,LB,LB,0.48,0.0,0.0,0.0,0.25,0.24,0.592,0.0,1
Keon Coleman,BUF,WR,WR,0.48,0.0,0.06,0.19,0.0,0.23,0.6541406249999999,0.3,2
Oronde Gadsden II,LAC,TE,TE,0.48,0.0,0.0,0.29,0.0,0.18,0.6150000000000001,0.8,1
Cedric Johnson,CIN,DL,DL,0.48,0.0,0.0,0.0,0.32,0.16,0.2915277777777777,0.0,2
Darnell Washington,PIT,TE,TE,0.48,0.0,0.0,0.32,0.0,0.16,0.5346011396011395,0.4,3
Tyrion Ingram-Dawkins,MIN,DL,DL,0.48,0.0,0.0,0.0,0.32,0.16,0.2864285714285714,0.65,1
M.J. Stewart,HOU,DB,DB,0.48,0.0,0.06,0.0,0.27,0.15,0.30759410088821854,0.0,8
Jordan Jefferson,CIN,DL,DL,0.48,0.0,0.0,0.0,0.37,0.11,0.20187499999999997,0.0,2
Noah Sewell,CHI,LB,LB,0.48,0.0,0.0,0.0,0.38,0.11,0.2668967784352399,0.0,3
Joshua Williams,TEN,DB,DB,0.48,0.0,0.0,0.0,0.38,0.09,0.18866666666666665,0.0,4
Javon Solomon,BUF,DL,DL,0.48,0.0,0.0,0.0,0.39,0.09,0.16321594427244582,0.0,2
Princely Umanmielen,CAR,LB,LB,0.48,0.0,0.0,0.0,0.39,0.09,0.22176470588235297,0.0,1
T.J. Sanders,BUF,DL,DL,0.47,0.0,0.0,0.0,0.24,0.23,0.41785714285714287,0.25,1
Jakorian Bennett,PHI,DB,DB,0.47,0.0,0.0,0.0,0.29,0.18,0.3547832167832167,0.0,3
Tez Johnson,TB,WR,WR,0.47,0.0,-0.1,0.4,0.0,0.16,0.470625,0.3,1
Ventrell Miller,JAX,LB,LB,0.47,0.0,0.0,0.0,0.36,0.12,0.29,0.45,3
Charlie Kolar,LAC,TE,TE,0.47,0.0,0.12,0.24,0.0,0.1,0.33160875512995897,0.4,4
KaVontae Turpin,DAL,WR,WR,0.47,0.0,-0.03,0.41,0.0,0.09,0.2646372429020568,0.0,7
Ashton Dulin,IND,WR,WR,0.47,0.0,0.3,0.1,0.0,0.08,0.22053869969040246,0.3,7
Jahdae Walker,CHI,WR,WR,0.47,0.0,0.0,0.42,0.0,0.05,0.15111111111111108,0.3,1
Julius Brents,MIA,DB,DB,0.46,0.0,0.0,0.0,0.26,0.2,0.4019047619047619,0.62,3
Chig Okonkwo,WAS,TE,TE,0.46,0.0,0.0,0.28,0.0,0.18,0.6056224350205199,0.8,4
Byron Young,PHI,DL,DL,0.46,0.0,0.0,0.0,0.31,0.15,0.2816872427983539,0.25,3
Chris Williams,ATL,DL,DL,0.46,0.0,0.0,0.0,0.32,0.14,0.2511702786377709,0.0,6
Kelee Ringo,PHI,DB,DB,0.46,0.0,0.0,0.0,0.36,0.1,0.19938542938542933,0.0,3
Luke Gifford,SF,LB,LB,0.46,0.0,0.0,0.0,0.41,0.05,0.12904103122730573,0.2,7
Devin Culp,TB,TE,TE,0.46,0.0,0.0,0.43,0.0,0.02,0.08238461538461538,0.4,2
Caelen Carson,DAL,DB,DB,0.45,0.0,0.0,0.0,0.2,0.25,0.49828125,0.0,2
Cory Durden,NE,DL,DL,0.45,0.0,0.0,0.0,0.27,0.18,0.33031440781440785,0.55,3
Elijah Chatman,CLE,DL,DL,0.45,0.0,0.0,0.0,0.28,0.18,0.3222794117647058,0.0,2
Elijah Garcia,ATL,DL,DL,0.45,0.0,0.0,0.0,0.32,0.13,0.24078626799557032,0.0,4
Jackson Hawes,BUF,TE,TE,0.45,0.0,0.0,0.32,0.0,0.13,0.4278947368421053,0.15,1
Brandon Pili,SEA,DL,DL,0.45,0.0,0.0,0.0,0.36,0.09,0.15747863247863247,0.35,3
Connor Heyward,LV,TE,TE,0.45,-0.0,0.37,0.03,0.0,0.05,0.16223210214318287,0.4,4
Cam Ward,TEN,QB,QB,0.44,-0.45,-0.06,0.0,0.0,0.95,0.9464705882352941,0.0,1
Shemar Stewart,CIN,DL,DL,0.44,0.0,0.0,0.0,0.14,0.3,0.5375,0.0,1
A.T. Perry,PIT,WR,WR,0.44,0.0,0.0,0.26,0.0,0.19,0.53,0.6,3
Dean Lowry,PIT,DL,DL,0.44,0.0,0.0,0.0,0.25,0.19,0.3442577777777778,0.25,10
LaBryan Ray,CAR,DL,DL,0.44,0.0,0.0,0.0,0.26,0.18,0.3266170669451212,0.35,4
Lonnie Johnson,MIA,DB,DB,0.44,0.0,0.0,0.0,0.29,0.16,0.31405537918871246,0.0,7
Leonard Taylor III,NE,DL,DL,0.44,0.0,0.0,0.0,0.28,0.16,0.28501984126984126,0.35,2
Mohamoud Diabate,TEN,LB,LB,0.44,0.0,0.0,0.0,0.29,0.15,0.36392156862745106,0.0,3
Percy Butler,WAS,DB,DB,0.44,0.0,0.0,0.0,0.31,0.13,0.2530852713178295,0.0,4
Sydney Brown,ATL,DB,DB,0.44,0.0,0.0,0.0,0.34,0.1,0.19458119658119657,0.0,3
Tanner Hudson,CIN,TE,TE,0.44,-0.05,0.13,0.3,0.0,0.06,0.19464309764309762,0.15,8
Patrick O'Connell,SEA,LB,LB,0.44,0.0,0.0,0.0,0.42,0.02,0.03974358974358974,0.0,3
Garrett Wilson,NYJ,WR,WR,0.43,-0.01,-0.03,0.17,0.0,0.31,0.896593707250342,0.85,4
Calvin Austin III,NYG,WR,WR,0.43,0.0,0.1,0.15,0.0,0.18,0.5094444444444445,0.0,4
Foster Moreau,HOU,TE,TE,0.43,0.0,0.0,0.27,0.0,0.16,0.5234571598336303,0.4,7
Dyami Brown,WAS,WR,WR,0.43,-0.02,0.29,0.03,0.0,0.12,0.35520746965452843,0.6,5
Samaje Perine,CIN,RB,RB,0.43,0.0,0.22,0.13,0.0,0.08,0.32592154569430115,0.65,9
Scott Matlock,LAC,RB,RB,0.43,0.0,0.0,0.05,0.31,0.08,0.32315233785822023,0.65,3
Ethan Downs,KC,LB,LB,0.43,0.0,0.0,0.0,0.36,0.07,0.18,0.45,1
Rylie Mills,SEA,DL,DL,0.43,0.0,0.0,0.0,0.38,0.05,0.09666666666666668,0.0,1
Darien Porter,LV,DB,DB,0.42,0.0,0.0,0.0,0.16,0.26,0.5294117647058824,0.3,1
Darius Muasau,NYG,LB,LB,0.42,0.0,0.0,0.0,0.21,0.21,0.5288125,0.0,2
Colby Parkinson,LA,TE,TE,0.42,0.0,0.0,0.26,0.0,0.16,0.5386416586127629,0.4,6
DJ Davidson,WAS,DL,DL,0.42,0.0,0.0,0.0,0.27,0.15,0.27,0.0,4
Javontae Jean-Baptiste,WAS,LB,LB,0.42,0.0,0.0,0.0,0.31,0.11,0.28475,0.0,2
Darrell Luter Jr.,SF,DB,DB,0.42,0.0,0.0,0.0,0.35,0.07,0.1362226720647773,0.0,3
D'Anthony Bell,SEA,DB,DB,0.42,0.0,0.0,0.0,0.36,0.05,0.10922176622587021,0.0,4
Drew Sanders,DEN,LB,LB,0.42,0.0,0.0,0.0,0.37,0.05,0.13031578947368422,0.0,3
Efton Chism III,NE,WR,WR,0.42,-0.09,0.0,0.44,0.0,0.07,0.199,0.0,1
Del'Shawn Phillips,LAC,LB,LB,0.42,0.0,0.0,0.0,0.39,0.03,0.0630397890150212,0.0,7
Marquise Brown,PHI,WR,WR,0.41,0.0,0.04,0.16,0.0,0.22,0.6314740740740739,0.6,7
Josh Tupou,NYG,DL,DL,0.41,0.0,0.0,0.0,0.23,0.18,0.3321882483987747,0.0,9
Tim Patrick,NYJ,WR,WR,0.41,0.0,0.0,0.25,0.0,0.15,0.43992214532871965,0.8,9
Mike Gesicki,CIN,TE,TE,0.41,-0.0,0.0,0.32,-0.03,0.13,0.43934450589352547,0.8,8
Cody White,SEA,WR,WR,0.41,0.0,0.0,0.29,0.0,0.12,0.35,0.15,6
Jake Tonges,SF,TE,TE,0.41,0.0,0.0,0.34,0.0,0.07,0.21869517543859654,0.4,4
Bam Martin-Scott,CAR,LB,LB,0.41,0.0,0.0,0.0,0.4,0.02,0.04611111111111112,0.0,1
Josh Downs,IND,WR,WR,0.4,0.0,-0.19,0.37,0.0,0.22,0.6204099332040508,0.6,3
Sam Kamara,CLE,DL,DL,0.4,0.0,0.0,0.0,0.2,0.2,0.37224747474747477,0.0,5
JuJu Smith-Schuster,NYG,WR,WR,0.4,0.0,0.01,0.19,0.0,0.2,0.5752630536531465,0.15,9
Tommy Tremble,CAR,TE,TE,0.4,0.0,0.01,0.21,0.0,0.18,0.5988554829339142,0.8,5
Tre Harris,LAC,WR,WR,0.4,0.0,-0.0,0.23,0.0,0.17,0.49,0.6,1
Adam Trautman,DEN,TE,TE,0.4,0.0,0.0,0.22,0.0,0.17,0.58086395173454,0.8,6
Dorian Williams,BUF,LB,LB,0.4,0.0,0.0,0.0,0.23,0.17,0.4207149497675814,0.0,3
Elijah Ponder,NE,LB,LB,0.4,0.0,0.0,0.0,0.3,0.11,0.2700000000000001,0.0,1
Damone Clark,DET,LB,LB,0.4,0.0,0.0,0.0,0.29,0.11,0.2641666666666666,0.0,4
KJ Henry,PIT,DL,DL,0.4,0.0,0.0,0.0,0.32,0.07,0.1333076923076923,0.0,3
Jimmy Horn Jr.,CAR,WR,WR,0.4,0.0,0.28,0.05,0.0,0.07,0.1985714285714286,0.15,1
Emeka Egbuka,TB,WR,WR,0.39,0.0,-0.15,0.26,0.0,0.27,0.7764705882352942,0.6,1
Bijan Robinson,ATL,RB,RB,0.39,0.0,-0.19,0.39,0.0,0.19,0.7548114630467572,0.65,3
Kevin Austin Jr.,NO,WR,WR,0.39,0.0,0.06,0.15,0.0,0.18,0.5259375,0.6,4
Mazi Smith,NYJ,DL,DL,0.39,0.0,0.0,0.0,0.21,0.18,0.3279813976872801,0.0,3
Khyiris Tonga,KC,DL,DL,0.39,0.0,0.0,0.0,0.22,0.18,0.3203079604491369,0.35,5
Tristan Wirfs,TB,OL,OL,0.39,0.0,0.0,0.24,0.0,0.16,0.35,0.95,6
Darnell Wright,CHI,OL,OL,0.39,0.0,0.0,0.0,0.23,0.16,0.35,0.95,3
Tremon Smith,HOU,DB,DB,0.39,0.0,0.0,0.0,0.34,0.05,0.09226556587547301,0.0,8
Michael Bandy,DEN,WR,WR,0.39,0.0,0.0,0.36,0.0,0.03,0.09162534435261709,0.0,5
Brittain Brown,CHI,RB,RB,0.39,0.0,0.39,-0.01,0.0,0.01,0.05555555555555556,0.65,4
Tyler Johnson,DAL,WR,WR,0.38,0.0,0.0,0.24,0.0,0.14,0.41274853801169586,0.15,6
K.J. Britt,NE,LB,LB,0.38,0.0,0.0,0.0,0.28,0.11,0.26802980897862216,0.0,5
Nephi Sewell,CHI,LB,LB,0.38,0.0,0.0,0.0,0.36,0.02,0.044887873754152825,0.0,4
Trevor Siemian,ATL,QB,QB,0.37,-0.32,-0.03,0.0,0.0,0.72,0.7215897435897436,0.0,11
Otito Ogbonnia,DAL,DL,DL,0.37,0.0,0.0,0.0,0.18,0.19,0.34561323366555924,0.0,4
Cooper Kupp,SEA,WR,WR,0.37,-0.34,0.01,0.42,0.0,0.29,0.8204413169676327,0.3,9
Omarr Norman-Lott,KC,DL,DL,0.37,0.0,0.0,0.0,0.23,0.14,0.258,0.25,1
Audric Estimé,NO,RB,RB,0.37,0.0,0.1,0.19,0.0,0.08,0.3078434065934066,0.65,2
Tutu Atwell,MIA,WR,WR,0.36,0.01,-0.05,0.28,0.0,0.12,0.3480287815040137,0.6,5
Clark Phillips III,ATL,DB,DB,0.36,0.0,0.0,0.0,0.25,0.11,0.22649766899766896,0.0,3
Tre Hawkins III,WAS,DB,DB,0.36,0.0,0.0,0.0,0.27,0.09,0.17791855203619908,0.0,3
Jordan Magee,WAS,LB,LB,0.36,0.0,0.0,0.0,0.27,0.08,0.20884803921568623,0.0,2
Tylan Wallace,CLE,WR,WR,0.36,0.0,0.0,0.28,0.0,0.07,0.2055037643623815,0.6,5
Tom Kennedy,DET,WR,WR,0.36,0.03,0.0,0.28,0.0,0.05,0.1462406015037594,0.15,7
Keondre Jackson,BAL,DB,DB,0.36,0.0,0.0,0.0,0.36,0.0,0.0,0.0,1
Stetson Bennett,LA,QB,QB,0.35,0.0,0.0,0.0,0.0,0.35,0.35,0.0,3
Matthew Caldwell,LA,QB,QB,0.35,0.0,0.0,0.0,0.0,0.35,0.35,0.0,0
Jalon Daniels,TB,QB,QB,0.35,0.0,0.0,0.0,0.0,0.35,0.35,0.0,0
Sam Hartman,WAS,QB,QB,0.35,0.0,0.0,0.0,0.0,0.35,0.35,0.0,2
Kurtis Rourke,SF,QB,QB,0.35,0.0,0.0,0.0,0.0,0.35,0.35,0.0,1
Haynes King,CAR,QB,QB,0.35,0.0,0.0,0.0,0.0,0.35,0.35,0.0,0
Cam Miller,MIA,QB,QB,0.35,0.0,0.0,0.0,0.0,0.35,0.35,0.0,1
Garrett Nussmeier,KC,QB,QB,0.35,0.0,0.0,0.0,0.0,0.35,0.35,0.0,0
Carter Bradley,JAX,QB,QB,0.35,0.0,0.0,0.0,0.0,0.35,0.35,0.0,2
Cade Klubnik,NYJ,QB,QB,0.35,0.0,0.0,0.0,0.0,0.35,0.35,0.0,0
Cole Payton,PHI,QB,QB,0.35,0.0,0.0,0.0,0.0,0.35,0.35,0.0,0
Diego Pavia,BAL,QB,QB,0.35,0.0,0.0,0.0,0.0,0.35,0.35,0.0,0
Adrian Martinez,SF,QB,QB,0.35,0.0,0.0,0.0,0.0,0.35,0.35,0.0,3
Graham Mertz,HOU,QB,QB,0.35,0.0,0.0,0.0,0.0,0.35,0.35,0.0,1
Joe Fagnano,BAL,QB,QB,0.35,0.0,0.0,0.0,0.0,0.35,0.35,0.0,0
Will Grier,CAR,QB,QB,0.35,0.0,0.0,0.0,0.0,0.35,0.35,0.0,7
Athan Kaliakmanis,WAS,QB,QB,0.35,0.0,0.0,0.0,0.0,0.35,0.35,0.0,0
Behren Morton,NE,QB,QB,0.35,0.0,0.0,0.0,0.0,0.35,0.35,0.0,0
Kyron Drones,GB,QB,QB,0.35,0.0,0.0,0.0,0.0,0.35,0.35,0.0,0
Mark Gronowski,MIA,QB,QB,0.35,0.0,0.0,0.0,0.0,0.35,0.35,0.0,0
Luke Altmyer,DET,QB,QB,0.35,0.0,0.0,0.0,0.0,0.35,0.35,0.0,0
Connor Bazelak,TB,QB,QB,0.35,0.0,0.0,0.0,0.0,0.35,0.35,0.0,1
Jack Strand,ATL,QB,QB,0.35,0.0,0.0,0.0,0.0,0.35,0.35,0.0,0
DJ Uiagalelei,LAC,QB,QB,0.35,0.0,0.0,0.0,0.0,0.35,0.35,0.0,1
Miller Moss,CHI,QB,QB,0.35,0.0,0.0,0.0,0.0,0.35,0.35,0.0,0
Joey Aguilar,JAX,QB,QB,0.35,0.0,0.0,0.0,0.0,0.35,0.35,0.0,0
Kyle McCord,GB,QB,QB,0.35,0.0,0.0,0.0,0.0,0.35,0.35,0.0,1
Jacob Clark,LV,QB,QB,0.35,0.0,0.0,0.0,0.0,0.35,0.35,0.0,0
Taylen Green,CLE,QB,QB,0.35,0.0,0.0,0.0,0.0,0.35,0.35,0.0,0
Will Howard,PIT,QB,QB,0.35,0.0,0.0,0.0,0.0,0.35,0.35,0.0,1
Storm Duck,MIA,DB,DB,0.35,0.0,0.0,0.0,0.16,0.18,0.3671428571428571,0.0,2
Derrick Nnadi,IND,DL,DL,0.35,0.0,0.0,0.0,0.17,0.18,0.3228888888888889,0.0,8
John Ridgeway,NO,DL,DL,0.35,0.0,0.0,0.0,0.19,0.16,0.2888132168788803,0.35,4
Luke Musgrave,GB,TE,TE,0.35,0.0,0.0,0.23,0.0,0.12,0.41507341661187813,0.4,3
Brevin Jordan,HOU,TE,TE,0.35,0.0,0.0,0.22,0.0,0.12,0.41542196969696965,0.15,5
Shemar Jean-Charles,SEA,DB,DB,0.35,0.0,0.0,0.0,0.29,0.06,0.12533333333333335,0.0,5
Deane Leonard,LAC,DB,DB,0.35,0.0,0.0,0.0,0.29,0.06,0.11339910735259573,0.0,4
Marques Sigle,SF,DB,DB,0.34,0.0,0.0,0.0,0.12,0.22,0.44647058823529406,0.0,1
K.J. Osborn,TEN,WR,WR,0.34,0.0,0.08,0.04,0.0,0.22,0.630196568627451,0.6,6
Xavier Hutchinson,HOU,WR,WR,0.34,0.06,0.16,-0.06,0.0,0.18,0.5002519118308592,0.15,3
Marquez Valdes-Scantling,DAL,WR,WR,0.34,0.0,-0.04,0.19,0.0,0.19,0.5401594516594517,0.3,8
Malik Harrison,PIT,LB,LB,0.34,0.0,0.0,0.0,0.2,0.14,0.35520231611162983,0.0,6
Ricky Barber,WAS,DL,DL,0.34,0.0,0.0,0.0,0.22,0.12,0.21500000000000002,0.0,1
Grant Calcaterra,PHI,TE,TE,0.34,0.0,0.0,0.22,0.0,0.12,0.3918904577334809,0.4,4
Hunter Long,JAX,TE,TE,0.34,0.0,0.0,0.25,0.0,0.09,0.3002567158637334,0.4,5
Malik Herring,TEN,DL,DL,0.34,0.0,0.0,0.0,0.25,0.09,0.15789489580187255,0.0,5
Jake Bobo,SEA,WR,WR,0.34,0.0,0.03,0.23,0.0,0.08,0.23372979961215254,0.0,3
Logan Lee,PIT,DL,DL,0.34,0.0,0.0,0.0,0.28,0.06,0.10714285714285714,0.0,2
Brenden Schooler,NE,DB,DB,0.34,0.0,0.0,0.0,0.32,0.01,0.02887824897400821,0.0,4
Jamal Hill,HOU,LB,LB,0.34,0.0,0.0,0.0,0.33,0.0,0.007142857142857143,0.0,2
Jakobie Keeney-James,GB,WR,WR,0.33,0.0,0.0,-0.0,0.0,0.33,0.94,0.3,1
Cade Otton,TB,TE,TE,0.33,0.0,-0.09,0.15,0.0,0.27,0.915419684642523,0.8,4
Zeek Biggers,MIA,DL,DL,0.33,0.0,0.0,0.0,0.13,0.2,0.36888888888888893,0.55,1
Myles Harden,CLE,DB,DB,0.33,0.0,0.0,0.0,0.13,0.2,0.39749999999999996,0.3,2
Evan Engram,DEN,TE,TE,0.33,0.0,0.01,0.13,0.0,0.18,0.6043411688262049,0.4,9
Shemar Bartholomew,GB,DB,DB,0.33,0.0,0.0,0.0,0.16,0.17,0.33525,0.0,2
Jahdae Barron,DEN,DB,DB,0.33,0.0,0.0,0.0,0.19,0.14,0.2852631578947369,0.0,1
Jordon Riley,GB,DL,DL,0.33,0.0,0.0,0.0,0.19,0.14,0.2538313609467456,0.0,3
Christian Kirk,SF,WR,WR,0.32,-0.02,-0.0,0.11,0.0,0.22,0.6335844704353478,0.3,8
Jalen Nailor,LV,WR,WR,0.32,0.0,-0.19,0.3,0.03,0.17,0.49326949384404917,0.8,4
Lil'Jordan Humphrey,DEN,WR,WR,0.32,0.0,0.0,0.16,0.0,0.16,0.46771764705882357,0.15,7
Frank Crum,DEN,OL,OL,0.32,0.0,0.0,0.16,0.0,0.16,0.35,0.95,2
Greg Dortch,DET,WR,WR,0.32,0.0,0.04,0.16,0.0,0.13,0.3572117102396514,0.3,7
Jaylon Carlies,IND,LB,LB,0.32,0.0,0.0,0.0,0.26,0.06,0.14425,0.0,2
Erick Hallett,TEN,DB,DB,0.31,0.0,0.0,0.0,0.04,0.27,0.5325,0.0,3
Jordan Phillips,MIA,DL,DL,0.31,0.0,0.0,0.0,0.07,0.24,0.43647058823529405,0.65,1
Rashid Shaheed,SEA,WR,WR,0.31,0.0,0.06,0.03,0.0,0.22,0.62171650055371,0.6,4
Van Jefferson,WAS,WR,WR,0.31,0.0,0.01,0.08,0.0,0.22,0.621496180290298,0.8,6
James Conner,ARI,RB,RB,0.31,0.0,-0.1,0.15,0.11,0.14,0.5683910256410258,0.65,9
Demani Richardson,CAR,DB,DB,0.31,0.0,0.0,0.0,0.22,0.08,0.1688392857142857,0.0,2
Ali Gaye,HOU,LB,LB,0.31,0.0,0.0,0.0,0.24,0.08,0.19724999999999998,0.0,3
Anthony Johnson Jr.,CHI,DB,DB,0.31,0.0,0.0,0.0,0.24,0.07,0.14921052631578943,0.0,3
Mecole Hardman,BUF,WR,WR,0.31,0.0,0.05,0.2,0.0,0.06,0.1845506172839506,0.0,7
Corey Ballentine,DAL,DB,DB,0.31,0.0,0.0,0.0,0.25,0.06,0.1255740740740741,0.0,7
Gardner Minshew,ARI,QB,QB,0.3,0.52,-0.72,0.0,0.0,0.49,0.49396171802054156,0.0,7
Evan Anderson,SF,DL,DL,0.3,0.0,0.0,0.0,0.11,0.19,0.3441666666666667,0.0,2
Tyler Lacy,DET,DL,DL,0.3,0.0,0.0,0.0,0.11,0.18,0.33470085470085476,0.25,3
Johnathan Edwards,IND,DB,DB,0.3,0.0,0.0,0.0,0.14,0.16,0.325,0.0,1
Gunnar Helm,TEN,TE,TE,0.3,0.0,0.0,0.14,0.0,0.16,0.525625,0.4,1
Corey Thornton,CAR,DB,DB,0.3,0.0,0.0,0.0,0.21,0.08,0.16833333333333333,0.0,1
Jeremy McNichols,WAS,RB,RB,0.3,0.0,0.09,0.16,0.0,0.06,0.2270022545603607,0.3,9
Jacob Cowing,SF,WR,WR,0.3,0.0,0.03,0.24,0.0,0.04,0.10400000000000001,0.0,2
Raheem Layne,NYG,DB,DB,0.29,0.0,0.0,0.0,0.1,0.19,0.37554374307862687,0.0,4
Malik Washington,MIA,WR,WR,0.29,0.0,0.21,-0.1,0.0,0.18,0.5239285714285713,0.8,2
Zion Logue,BUF,DL,DL,0.29,0.0,0.0,0.0,0.11,0.18,0.32,0.0,2
Zacch Pickens,NYG,DL,DL,0.29,0.0,0.0,0.0,0.12,0.17,0.30956259426847665,0.0,3
Ja'Tavion Sanders,CAR,TE,TE,0.29,0.0,0.0,0.14,0.0,0.15,0.5123918269230768,0.4,2
Jay Tufele,DET,DL,DL,0.29,0.0,0.0,0.0,0.14,0.15,0.26791452991452996,0.0,5
Matt Dickerson,JAX,DL,DL,0.29,0.0,0.0,0.0,0.15,0.14,0.25741403299542837,0.0,8
Shemar Turner,CHI,DL,DL,0.29,0.0,0.0,0.0,0.16,0.13,0.236,0.0,1
Erick All,CIN,TE,TE,0.29,0.0,0.0,0.16,0.0,0.13,0.4188888888888889,0.4,2
DJ Johnson,WAS,LB,LB,0.29,0.0,0.0,0.0,0.17,0.12,0.2936376444068751,0.0,3
Mitchell Evans,CAR,TE,TE,0.29,0.0,0.2,-0.02,0.0,0.11,0.37888888888888894,0.15,1
Elijah Higgins,ARI,TE,TE,0.29,0.0,0.0,0.17,0.0,0.11,0.3815439462498286,0.4,3
Darren Hall,ATL,DB,DB,0.29,0.0,0.0,0.0,0.21,0.08,0.16987343925424422,0.0,5
Tristin McCollum,LV,DB,DB,0.29,0.0,0.0,0.0,0.21,0.08,0.15185897435897433,0.0,4
Chase Lucas,TB,DB,DB,0.29,0.0,0.0,0.0,0.26,0.03,0.06021505376344085,0.0,4
Shedeur Sanders,CLE,QB,QB,0.28,-0.64,-0.0,0.0,0.0,0.92,0.91625,1.0,1
Case Keenum,CHI,QB,QB,0.28,-0.17,-0.06,0.0,0.0,0.51,0.5142857142857142,0.0,14
Ethan Bonner,MIA,DB,DB,0.28,0.0,0.0,0.0,0.11,0.18,0.35,0.0,3
De'Von Achane,MIA,RB,RB,0.28,-0.03,0.19,-0.05,0.0,0.16,0.6553054298642533,0.65,3
Trey Palmer,NO,WR,WR,0.28,0.0,0.07,0.07,0.0,0.14,0.4097160664819944,0.3,3
Davis Allen,LA,TE,TE,0.28,0.0,0.0,0.16,0.0,0.11,0.3779251508295625,0.15,3
Keleki Latu,BUF,TE,TE,0.28,0.0,0.0,0.21,0.0,0.07,0.23399999999999999,0.0,1
Otis Reese,NE,LB,LB,0.28,0.0,0.0,0.0,0.22,0.06,0.14412955465587046,0.0,3
Stone Smartt,PHI,TE,TE,0.28,0.0,0.0,0.23,0.0,0.05,0.16022909745293468,0.0,4
Warren Brinson,GB,DL,DL,0.27,0.0,0.0,0.0,0.06,0.2,0.37250000000000005,0.0,1
John Bates,WAS,TE,TE,0.27,0.0,0.0,0.13,0.0,0.14,0.47629215686274506,0.4,5
Eric Johnson,MIN,DL,DL,0.27,0.0,0.0,0.0,0.16,0.11,0.20049632538004628,0.0,4
Myles Adams,DET,DL,DL,0.27,0.0,0.0,0.0,0.17,0.1,0.18954181818181817,0.0,6
Josh Whyle,GB,TE,TE,0.27,0.0,0.0,0.17,0.0,0.1,0.3428412328412328,0.15,3
Payne Durham,TB,TE,TE,0.27,0.0,0.0,0.18,0.0,0.09,0.3109602815485169,0.15,3
Tyrus Wheat,DAL,DL,DL,0.27,0.0,0.0,0.0,0.19,0.08,0.14064102564102565,0.0,3
Jordan Burch,ARI,LB,LB,0.26,0.0,0.0,0.0,0.09,0.17,0.4364705882352941,0.0,1
David Sills,TB,WR,WR,0.26,0.0,0.0,0.11,0.0,0.14,0.4125628837393544,0.15,7
Decamerion Richardson,LV,DB,DB,0.26,0.0,0.0,0.0,0.12,0.14,0.27208333333333323,0.0,2
Darius Cooper,PHI,WR,WR,0.26,0.0,0.0,0.17,0.0,0.09,0.26071428571428573,0.15,1
Isaiah Williams,NYJ,WR,WR,0.26,-0.04,0.14,0.08,0.0,0.09,0.24552083333333335,0.6,2
Terrell Burgess,NO,DB,DB,0.26,0.0,0.0,0.0,0.2,0.06,0.12402525252525254,0.0,6
Johnathan Baldwin,GB,DB,DB,0.25,0.0,0.0,0.0,0.0,0.25,0.495,0.0,1
Phidarian Mathis,BUF,DL,DL,0.25,0.0,0.0,0.0,0.09,0.16,0.2965016611295681,0.0,4
Joshua Farmer,NE,DL,DL,0.25,0.0,0.0,0.0,0.09,0.16,0.2853846153846154,0.0,1
PJ Mustipher,ARI,DL,DL,0.25,0.0,0.0,0.0,0.1,0.15,0.2689506172839506,0.0,3
Korie Black,NYG,DB,DB,0.25,0.0,0.0,0.0,0.12,0.13,0.26,0.0,1
Jacoby Jones,WAS,WR,WR,0.25,0.0,0.0,0.12,0.0,0.12,0.35,0.3,1
Braxton Berrios,NYG,WR,WR,0.25,0.02,0.14,0.01,0.0,0.09,0.25325326797385617,0.0,8
Kingsley Jonathan,NYJ,DL,DL,0.25,0.0,0.0,0.0,0.16,0.09,0.16287375415282393,0.0,4
Qwan'tez Stiggers,NYJ,DB,DB,0.25,0.0,0.0,0.0,0.17,0.08,0.1675595238095238,0.0,2
Ben Skowronek,PIT,WR,WR,0.25,0.0,-0.02,0.2,0.0,0.08,0.22069793169793173,0.3,5
Rayuan Lane III,JAX,DB,DB,0.25,0.0,0.0,0.0,0.2,0.05,0.09777777777777778,0.0,1
Reggie Gilliam,NE,RB,RB,0.25,0.0,0.04,0.03,0.14,0.04,0.16547391354202498,0.3,6
Tyler Owens,WAS,DB,DB,0.25,0.0,0.0,0.0,0.23,0.02,0.03713235294117647,0.0,2
Ross Blacklock,ATL,DL,DL,0.24,0.0,0.0,0.0,0.09,0.15,0.2657642357642358,0.0,6
Durham Smythe,BAL,TE,TE,0.24,0.0,0.04,0.08,0.0,0.12,0.39909872721018225,0.4,8
Luke McCaffrey,WAS,WR,WR,0.24,0.0,0.0,0.12,0.0,0.11,0.3237291666666667,0.15,2
Matt Henningsen,DEN,DL,DL,0.24,0.0,0.0,0.0,0.13,0.11,0.1974331550802139,0.0,4
Johnny Mundt,PHI,TE,TE,0.24,0.0,0.0,0.14,0.0,0.1,0.3388976034858387,0.15,9
Andrew Ogletree,IND,TE,TE,0.24,0.0,0.0,0.15,0.0,0.1,0.31771116138763195,0.15,4
Sam Franklin Jr.,BUF,DB,DB,0.24,0.0,0.0,-0.13,0.34,0.03,0.06156518747850018,0.0,6
Mason Taylor,NYJ,TE,TE,0.23,0.0,0.0,-0.02,0.0,0.24,0.8107692307692307,0.8,1
Vederian Lowe,SF,OL,OL,0.23,0.0,0.0,0.07,0.0,0.16,0.35,0.95,4
Brock Wright,DET,TE,TE,0.23,0.0,0.0,0.07,0.0,0.16,0.5225782828282828,0.4,5
Jaden Crumedy,GB,DL,DL,0.23,0.0,0.0,0.0,0.08,0.15,0.2688333333333333,0.0,2
Russ Yeast,CIN,DB,DB,0.23,0.0,0.0,0.0,0.09,0.14,0.2783478260869566,0.0,4
Odell Beckham Jr.,NYG,WR,WR,0.23,0.0,0.01,0.1,0.0,0.12,0.3458366402116402,0.0,12
Cobee Bryant,ATL,DB,DB,0.23,0.0,0.0,0.0,0.12,0.11,0.21714285714285714,0.0,1
Robert Beal Jr.,MIA,DL,DL,0.23,0.0,0.0,0.0,0.14,0.09,0.17175824175824173,0.0,3
Devin Duvernay,ARI,WR,WR,0.23,0.0,0.04,0.14,0.0,0.06,0.17799354797249534,0.0,6
Tre Avery,CLE,DB,DB,0.23,0.0,0.0,0.0,0.17,0.06,0.11604872646733111,0.0,4
Bryce Oliver,TEN,WR,WR,0.23,0.0,0.0,0.18,0.0,0.05,0.14620833333333333,0.0,2
Kevin Knowles,KC,DB,DB,0.23,0.0,0.0,0.0,0.18,0.05,0.09461538461538462,0.0,1
Khalil Dorsey,DET,DB,DB,0.23,0.0,0.0,0.13,0.08,0.03,0.05343573093573094,0.0,6
Rico Payton,NYG,DB,DB,0.23,0.0,0.0,0.0,0.2,0.02,0.04940104166666666,0.0,2
Spencer Burford,LV,OL,OL,0.22,0.0,0.0,0.0,0.06,0.16,0.35,0.95,4
Isaiahh Loudermilk,MIN,DL,DL,0.22,0.0,0.0,0.0,0.09,0.13,0.24092840166369578,0.0,5
Sam Roberts,NYG,DL,DL,0.22,0.0,0.0,0.0,0.1,0.12,0.21986046511627907,0.0,4
Greedy Vance,LV,DB,DB,0.22,0.0,0.0,0.0,0.11,0.11,0.22833333333333336,0.0,1
Kyle Williams,NE,WR,WR,0.22,0.0,-0.06,0.18,0.0,0.11,0.30380952380952386,0.0,1
Anthony Goodlow,PIT,DL,DL,0.22,0.0,0.0,0.0,0.11,0.1,0.18666666666666665,0.0,2
Luke Schoonmaker,DAL,TE,TE,0.22,0.0,0.0,0.12,0.0,0.1,0.3302346237640355,0.4,3
Nate Adkins,DEN,TE,TE,0.22,0.0,0.0,0.13,0.0,0.09,0.30161616161616156,0.15,3
Quinton Bohanna,JAX,DL,DL,0.22,0.0,0.0,0.0,0.13,0.09,0.16725315425315423,0.0,5
Brandon Johnson,LV,WR,WR,0.22,0.0,0.0,0.13,0.0,0.09,0.25779264214046826,0.6,4
Hunter Luepke,DAL,RB,RB,0.22,0.0,-0.03,0.19,0.0,0.06,0.2227090665325959,0.65,3
Mason Kinsey,TEN,WR,WR,0.22,0.0,0.0,0.18,0.0,0.04,0.12144444444444444,0.0,6
Jared Wiley,KC,TE,TE,0.22,0.0,0.0,0.18,0.0,0.04,0.13357142857142854,0.0,2
Segun Olubi,LV,LB,LB,0.22,0.0,0.0,0.0,0.21,0.01,0.025511171910624714,0.0,4
Travis Hunter,JAX,WR,WR,0.21,0.0,-0.07,-0.12,0.17,0.24,0.6885714285714286,0.3,1
Mekhi Wingo,DET,DL,DL,0.21,0.0,0.0,0.0,0.0,0.21,0.38409090909090904,0.0,2
Dorian Strong,BUF,DB,DB,0.21,0.0,0.0,0.0,0.0,0.21,0.4175,0.0,1
Kyren Williams,LA,RB,RB,0.21,0.0,-0.1,0.13,0.0,0.18,0.7090769230769232,0.65,4
Esezi Otomewo,PIT,DL,DL,0.21,0.0,0.0,0.0,0.06,0.15,0.265568376068376,0.0,4
Jaylen Warren,PIT,RB,RB,0.21,0.0,-0.07,0.17,0.0,0.12,0.46932702538379706,0.65,4
Ben Sinnott,WAS,TE,TE,0.21,0.0,0.0,0.12,0.0,0.09,0.313140625,0.15,2
Xavier Restrepo,TEN,WR,WR,0.21,0.0,0.0,0.13,0.0,0.08,0.22,0.0,1
Kaevon Merriweather,HOU,DB,DB,0.21,0.0,0.0,0.0,0.15,0.06,0.12873372781065087,0.0,3
Raheim Sanders,CLE,RB,RB,0.21,0.0,0.07,0.07,0.0,0.06,0.2575,0.65,1
Collin Oliver,GB,LB,LB,0.2,0.0,0.0,0.0,0.01,0.18,0.46,0.0,1
Will Bradley-King,SF,DL,DL,0.2,0.0,0.0,0.0,0.01,0.18,0.3333333333333333,0.0,5
Trent Scott,WAS,OL,OL,0.2,0.0,0.0,0.04,0.0,0.16,0.35,0.95,8
David Quessenberry,LA,OL,OL,0.2,0.0,0.0,0.0,0.04,0.16,0.35,0.95,13
Mike Caliendo,KC,OL,OL,0.2,0.0,0.0,0.04,0.0,0.16,0.35,0.95,4
Braiden McGregor,NYJ,DL,DL,0.2,0.0,0.0,0.0,0.05,0.15,0.2749107142857143,0.0,2
Mo Alie-Cox,IND,TE,TE,0.2,0.0,0.0,0.08,0.0,0.13,0.4204444444444444,0.4,9
Luke Farrell,SF,TE,TE,0.2,0.0,0.0,0.1,0.0,0.1,0.33334888200894386,0.15,5
Anthony Firkser,WAS,TE,TE,0.2,0.0,0.0,0.13,0.0,0.07,0.2442981962481963,0.0,9
Quintin Morris,JAX,TE,TE,0.2,0.0,0.0,0.12,0.01,0.06,0.21100793193654452,0.15,5
Curtis Robinson,DAL,LB,LB,0.2,0.0,0.0,0.0,0.14,0.05,0.134,0.0,5
Jake Hansen,HOU,LB,LB,0.2,0.0,0.0,0.0,0.17,0.03,0.07225510923185342,0.0,4
Colson Yankoff,WAS,TE,TE,0.2,0.0,0.0,0.17,0.0,0.02,0.08276785714285716,0.0,2
A.J. Green,MIA,DB,DB,0.2,0.0,0.0,0.0,0.18,0.02,0.045543672014260246,0.0,6
Quindarius Dunnigan,JAX,DL,DL,0.19,0.0,0.0,0.0,0.0,0.19,0.35,0.25,0
Zach Durfee,JAX,DL,DL,0.19,0.0,0.0,0.0,0.0,0.19,0.35,0.0,0
Skyler Gill-Howard,DET,DL,DL,0.19,0.0,0.0,0.0,0.0,0.19,0.35,0.0,0
Vincent Anthony,KC,DL,DL,0.19,0.0,0.0,0.0,0.0,0.19,0.35,0.0,0
L.T. Overton,DAL,DL,DL,0.19,0.0,0.0,0.0,0.0,0.19,0.35,0.0,0
Domonique Orange,MIN,DL,DL,0.19,0.0,0.0,0.0,0.0,0.19,0.35,0.55,0
Monkell Goodwine,MIN,DL,DL,0.19,0.0,0.0,0.0,0.0,0.19,0.35,0.35,0
R Mason Thomas,KC,DL,DL,0.19,0.0,0.0,0.0,0.0,0.19,0.35,0.0,0
Gabe Hall,PHI,DL,DL,0.19,0.0,0.0,0.0,0.0,0.19,0.35,0.0,2
Jayden Loving,CHI,DL,DL,0.19,0.0,0.0,0.0,0.0,0.19,0.35,0.0,0
Jalen Hunt,JAX,DL,DL,0.19,0.0,0.0,0.0,0.0,0.19,0.35,0.0,0
Dominic Bailey,HOU,DL,DL,0.19,0.0,0.0,0.0,0.0,0.19,0.35,0.0,0
Wy'Kevious Thomas,SEA,DL,DL,0.19,0.0,0.0,0.0,0.0,0.19,0.35,0.25,1
Christen Miller,NO,DL,DL,0.19,0.0,0.0,0.0,0.0,0.19,0.35,0.25,0
Tanoa Togiai,WAS,DL,DL,0.19,0.0,0.0,0.0,0.0,0.19,0.35,0.0,0
Eric O'Neill,DET,DL,DL,0.19,0.0,0.0,0.0,0.0,0.19,0.35,0.0,0
Jeffrey M'ba,WAS,DL,DL,0.19,0.0,0.0,0.0,0.0,0.19,0.35,0.0,0
Aidan Keanaaina,DET,DL,DL,0.19,0.0,0.0,0.0,0.0,0.19,0.35,0.0,0
Jordan Miller,DEN,DL,DL,0.19,0.0,0.0,0.0,0.0,0.19,0.35,0.35,2
Jordan van den Berg,CHI,DL,DL,0.19,0.0,0.0,0.0,0.0,0.19,0.35,0.0,0
Jamree Kromah,CHI,DL,DL,0.19,0.0,0.0,0.0,0.0,0.19,0.35,0.0,2
Kahlil Saunders,MIA,DL,DL,0.19,0.0,0.0,0.0,0.0,0.19,0.35,0.35,0
Seth Coleman,MIA,DL,DL,0.19,0.0,0.0,0.0,0.0,0.19,0.35,0.25,1
Nick Barrett,LAC,DL,DL,0.19,0.0,0.0,0.0,0.0,0.19,0.35,0.35,0
Josiah Green,TB,DL,DL,0.19,0.0,0.0,0.0,0.0,0.19,0.35,0.0,0
Damon Payne,KC,DL,DL,0.19,0.0,0.0,0.0,0.0,0.19,0.35,0.0,0
Max Llewellyn,MIA,DL,DL,0.19,0.0,0.0,0.0,0.0,0.19,0.35,0.0,0
Gabe Rubio,PIT,DL,DL,0.19,0.0,0.0,0.0,0.0,0.19,0.35,0.0,0
Parker Petersen,CAR,DL,DL,0.19,0.0,0.0,0.0,0.0,0.19,0.35,0.25,0
Tyre West,DET,DL,DL,0.19,0.0,0.0,0.0,0.0,0.19,0.35,0.0,0
Rene Konga,MIA,DL,DL,0.19,0.0,0.0,0.0,0.0,0.19,0.35,0.0,0
Lee Hunter,CAR,DL,DL,0.19,0.0,0.0,0.0,0.0,0.19,0.35,0.0,0
TeRah Edwards,LAC,DL,DL,0.19,0.0,0.0,0.0,0.0,0.19,0.35,0.25,1
Xavier Holmes,NE,DL,DL,0.19,0.0,0.0,0.0,0.0,0.19,0.35,0.25,0
Anquin Barnes,NYG,DL,DL,0.19,0.0,0.0,0.0,0.0,0.19,0.35,0.0,0
Jayson Jones,TB,DL,DL,0.19,0.0,0.0,0.0,0.0,0.19,0.35,0.0,1
Junior Tafuna,HOU,DL,DL,0.19,0.0,0.0,0.0,0.0,0.19,0.35,0.0,1
Payton Zdroik,LA,DL,DL,0.19,0.0,0.0,0.0,0.0,0.19,0.35,0.0,0
Jared Harrison-Hunte,CAR,DL,DL,0.19,0.0,0.0,0.0,0.0,0.19,0.35,0.0,1
Kelvin Gilliam,DAL,DL,DL,0.19,0.0,0.0,0.0,0.0,0.19,0.35,0.0,0
Cade Denhoff,BUF,DL,DL,0.19,0.0,0.0,0.0,0.0,0.19,0.35,0.0,0
Kevin Jobity,PIT,DL,DL,0.19,0.0,0.0,0.0,0.0,0.19,0.35,0.0,0
Nadame Tucker,LAC,DL,DL,0.19,0.0,0.0,0.0,0.0,0.19,0.35,0.0,0
Khordae Sydnor,CLE,DL,DL,0.19,0.0,0.0,0.0,0.0,0.19,0.35,0.0,0
Coziah Izzard,NO,DL,DL,0.19,0.0,0.0,0.0,0.0,0.19,0.35,0.0,1
Smith Vilbert,MIN,DL,DL,0.19,0.0,0.0,0.0,0.0,0.19,0.35,0.25,0
Jaxson Moi,LA,DL,DL,0.19,0.0,0.0,0.0,0.0,0.19,0.35,0.0,0
Anthony Dunn,KC,DL,DL,0.19,0.0,0.0,0.0,0.0,0.19,0.35,0.0,0
Yasir Holmes,TB,DL,DL,0.19,0.0,0.0,0.0,0.0,0.19,0.35,0.0,0
Laki Tasi,LV,DL,DL,0.19,0.0,0.0,0.0,0.0,0.19,0.35,0.0,1
James Thompson,SF,DL,DL,0.19,0.0,0.0,0.0,0.0,0.19,0.35,0.0,0
Caleb Banks,MIN,DL,DL,0.19,0.0,0.0,0.0,0.0,0.19,0.35,0.0,0
Kristian Williams,DEN,DL,DL,0.19,0.0,0.0,0.0,0.0,0.19,0.35,0.25,1
Sabastian Harsh,HOU,DL,DL,0.19,0.0,0.0,0.0,0.0,0.19,0.35,0.0,0
Alex Huntley,MIA,DL,DL,0.19,0.0,0.0,0.0,0.0,0.19,0.35,0.0,1
Anthony Lucas,DET,DL,DL,0.19,0.0,0.0,0.0,0.0,0.19,0.35,0.0,0
Aaron Graves,BAL,DL,DL,0.19,0.0,0.0,0.0,0.0,0.19,0.35,0.0,0
J.R. Singleton,SEA,DL,DL,0.19,0.0,0.0,0.0,0.0,0.19,0.35,0.0,1
David Olajiga,BAL,DL,DL,0.19,0.0,0.0,0.0,0.0,0.19,0.35,0.0,2
Tim Keenan,LA,DL,DL,0.19,0.0,0.0,0.0,0.0,0.19,0.35,0.0,0
Nyjalik Kelly,GB,DL,DL,0.19,0.0,0.0,0.0,0.0,0.19,0.35,0.0,0
Anterio Thompson,ATL,DL,DL,0.19,0.0,0.0,0.0,0.0,0.19,0.35,0.0,0
Wesley Bailey,LA,DL,DL,0.19,0.0,0.0,0.0,0.0,0.19,0.35,0.0,0
Rodney McGraw,MIA,DL,DL,0.19,0.0,0.0,0.0,0.0,0.19,0.35,0.0,0
Deven Eastern,SEA,DL,DL,0.19,0.0,0.0,0.0,0.0,0.19,0.35,0.0,0
Tommy Akingbesote,BUF,DL,DL,0.19,0.0,0.0,0.0,0.0,0.19,0.35,0.0,1
Marvin Jones,SEA,DL,DL,0.19,0.0,0.0,0.0,0.0,0.19,0.35,0.0,0
George Gumbs,IND,DL,DL,0.19,0.0,0.0,0.0,0.0,0.19,0.35,0.0,0
Malachi Lawrence,DAL,DL,DL,0.19,0.0,0.0,0.0,0.0,0.19,0.35,0.0,0
Bill Norton,LA,DL,DL,0.19,0.0,0.0,0.0,0.0,0.19,0.35,0.0,1
Jacobian Guillory,LAC,DL,DL,0.19,0.0,0.0,0.0,0.0,0.19,0.35,0.0,0
Mikail Kamara,SF,DL,DL,0.19,0.0,0.0,0.0,0.0,0.19,0.35,0.0,0
Arden Walker,MIN,DL,DL,0.19,0.0,0.0,0.0,0.0,0.19,0.35,0.0,0
Chris McClellan,GB,DL,DL,0.19,0.0,0.0,0.0,0.0,0.19,0.35,0.0,0
Keldric Faulk,TEN,DL,DL,0.19,0.0,0.0,0.0,0.0,0.19,0.35,0.25,0
Tim Smith,IND,DL,DL,0.19,0.0,0.0,0.0,0.0,0.19,0.35,0.0,1
Zane Durant,BUF,DL,DL,0.19,0.0,0.0,0.0,0.0,0.19,0.35,0.0,0
Ethan Burke,BAL,DL,DL,0.19,0.0,0.0,0.0,0.0,0.19,0.35,0.0,0
Dion Wilson,BAL,DL,DL,0.19,0.0,0.0,0.0,0.0,0.19,0.35,0.0,0
Travis Shaw,NE,DL,DL,0.19,0.0,0.0,0.0,0.0,0.19,0.35,0.0,0
Kyler Baugh,PIT,DL,DL,0.19,0.0,0.0,0.0,0.0,0.19,0.35,0.0,2
T.J. Bollers,JAX,DL,DL,0.19,0.0,0.0,0.0,0.0,0.19,0.35,0.0,0
Derrick Moore,DET,DL,DL,0.19,0.0,0.0,0.0,0.0,0.19,0.35,0.0,0
Keeshawn Silver,NO,DL,DL,0.19,0.0,0.0,0.0,0.0,0.19,0.35,0.0,0
Keith Cooper Jr.,MIA,DL,DL,0.19,0.0,0.0,0.0,0.0,0.19,0.35,0.0,1
Uso Seumalo,SEA,DL,DL,0.19,0.0,0.0,0.0,0.0,0.19,0.35,0.0,0
Marcus Harris,KC,DL,DL,0.19,0.0,0.0,0.0,0.0,0.19,0.35,0.0,2
Aidan Hubbard,SEA,DL,DL,0.19,0.0,0.0,0.0,0.0,0.19,0.35,0.0,0
Albert Regis,JAX,DL,DL,0.19,0.0,0.0,0.0,0.0,0.19,0.35,0.0,0
Bryson Eason,SF,DL,DL,0.19,0.0,0.0,0.0,0.0,0.19,0.35,0.0,0
Carlos Allen,ATL,DL,DL,0.19,0.0,0.0,0.0,0.0,0.19,0.35,0.0,0
Zxavian Harris,NO,DL,DL,0.19,0.0,0.0,0.0,0.0,0.19,0.35,0.0,0
Cameron Ball,IND,DL,DL,0.19,0.0,0.0,0.0,0.0,0.19,0.35,0.0,0
Treven Ma'ae,LV,DL,DL,0.19,0.0,0.0,0.0,0.0,0.19,0.35,0.0,1
Peter Woods,KC,DL,DL,0.19,0.0,0.0,0.0,0.0,0.19,0.35,0.0,0
Cashius Howell,CIN,DL,DL,0.19,0.0,0.0,0.0,0.0,0.19,0.35,0.0,0
Jay'viar Suggs,NO,DL,DL,0.19,0.0,0.0,0.0,0.0,0.19,0.35,0.0,0
Tywone Malone,CAR,DL,DL,0.19,0.0,0.0,0.0,0.0,0.19,0.35,0.0,0
C.J. Nunnally,ATL,DL,DL,0.19,0.0,0.0,0.0,0.0,0.19,0.35,0.0,0
Kyonte Hamilton,HOU,DL,DL,0.19,0.0,0.0,0.0,0.0,0.19,0.35,0.0,1
Keivie Rose,JAX,DL,DL,0.19,0.0,0.0,0.0,0.0,0.19,0.35,0.0,1
Joshua Weru,PHI,DL,DL,0.19,0.0,0.0,0.0,0.0,0.19,0.35,0.0,0
Kaimon Rucker,BAL,DL,DL,0.19,0.0,0.0,0.0,0.0,0.19,0.35,0.0,1
Cole Brevard,KC,DL,DL,0.19,0.0,0.0,0.0,0.0,0.19,0.35,0.0,0
Mason Reiger,MIA,DL,DL,0.19,0.0,0.0,0.0,0.0,0.19,0.35,0.0,0
Nash Hutmacher,TB,DL,DL,0.19,0.0,0.0,0.0,0.0,0.19,0.35,0.0,1
Rayshaun Benny,BAL,DL,DL,0.19,0.0,0.0,0.0,0.0,0.19,0.35,0.0,0
Mitchell Melton,IND,DL,DL,0.19,0.0,0.0,0.0,0.0,0.19,0.35,0.0,0
Tommy Dunn,DAL,DL,DL,0.19,0.0,0.0,0.0,0.0,0.19,0.35,0.0,0
Brandon Cleveland,LV,DL,DL,0.19,0.0,0.0,0.0,0.0,0.19,0.35,0.0,0
Caden Curry,IND,DL,DL,0.19,0.0,0.0,0.0,0.0,0.19,0.35,0.0,0
Sebastian Valdez,SF,DL,DL,0.19,0.0,0.0,0.0,0.0,0.19,0.35,0.0,1
Bobby Jamison-Travis,NYG,DL,DL,0.19,0.0,0.0,0.0,0.0,0.19,0.35,0.0,0
Dani Dennis-Sutton,GB,DL,DL,0.19,0.0,0.0,0.0,0.0,0.19,0.35,0.0,0
Bryan Thomas,JAX,DL,DL,0.19,0.0,0.0,0.0,0.0,0.19,0.35,0.0,0
Wesley Williams,JAX,DL,DL,0.19,0.0,0.0,0.0,0.0,0.19,0.35,0.0,0
Anthony Campbell,GB,DL,DL,0.19,0.0,0.0,0.0,0.0,0.19,0.35,0.0,1
Kayden McDonald,HOU,DL,DL,0.19,0.0,0.0,0.0,0.0,0.19,0.35,0.0,0
Amari McNeill,KC,DL,DL,0.19,0.0,0.0,0.0,0.0,0.19,0.35,0.0,0
Jalan Gaines,SEA,DL,DL,0.19,0.0,0.0,0.0,0.0,0.19,0.35,0.0,1
Michael Heldman,NO,DL,DL,0.19,0.0,0.0,0.0,0.0,0.19,0.35,0.0,0
Damonic Williams,ARI,DL,DL,0.19,0.0,0.0,0.0,0.0,0.19,0.35,0.0,0
Jack Pyburn,TB,DL,DL,0.19,0.0,0.0,0.0,0.0,0.19,0.35,0.0,0
Zion Wilson,PHI,DL,DL,0.19,0.0,0.0,0.0,0.0,0.19,0.35,0.0,0
Gary Smith,LV,DL,DL,0.19,0.0,0.0,0.0,0.0,0.19,0.35,0.0,0
Tyreak Sapp,CLE,DL,DL,0.19,0.0,0.0,0.0,0.0,0.19,0.35,0.0,0
Jackie Marshall,TEN,DL,DL,0.19,0.0,0.0,0.0,0.0,0.19,0.35,0.0,0
James Ester,MIA,DL,DL,0.19,0.0,0.0,0.0,0.0,0.19,0.35,0.0,2
Haggai Ndubuisi,TB,DL,DL,0.19,0.0,0.0,0.0,0.0,0.19,0.35,0.0,5
Nathan Voorhis,NYJ,DL,DL,0.19,0.0,0.0,0.0,0.0,0.19,0.35,0.0,0
Landon Robinson,CIN,DL,DL,0.19,0.0,0.0,0.0,0.0,0.19,0.35,0.0,0
Logan Fano,CLE,DL,DL,0.19,0.0,0.0,0.0,0.0,0.19,0.35,0.0,0
Aaron Hall,CAR,DL,DL,0.19,0.0,0.0,0.0,0.0,0.19,0.35,0.0,0
Jahmeer Carter,LAC,DL,DL,0.19,0.0,0.0,0.0,0.0,0.19,0.35,0.0,0
Terry Webb,LAC,DL,DL,0.19,0.0,0.0,0.0,0.0,0.19,0.35,0.0,0
David Blay,NE,DL,DL,0.19,0.0,0.0,0.0,0.0,0.19,0.35,0.0,0
Ben Barten,NYG,DL,DL,0.19,0.0,0.0,0.0,0.0,0.19,0.35,0.0,0
Isaiah Smith,CAR,DL,DL,0.19,0.0,0.0,0.0,0.0,0.19,0.35,0.0,0
Chris Smith,DET,DL,DL,0.19,0.0,0.0,0.0,0.0,0.19,0.35,0.0,3
D.J. Withers,DAL,DL,DL,0.19,0.0,0.0,0.0,0.0,0.19,0.35,0.0,0
DeShawn McKnight,TB,DL,DL,0.19,0.0,0.0,0.0,0.0,0.19,0.35,0.0,0
DeMonte Capehart,TB,DL,DL,0.19,0.0,0.0,0.0,0.0,0.19,0.35,0.0,0
Johnny Walker Jr.,DEN,DL,DL,0.19,0.0,0.0,0.0,0.0,0.19,0.35,0.0,1
Kody Huisman,BUF,DL,DL,0.19,0.0,0.0,0.0,0.0,0.19,0.35,0.0,0
Cam Horsley,TEN,DL,DL,0.19,0.0,0.0,0.0,0.0,0.19,0.35,0.0,1
Jeremiah Martin,CHI,DL,DL,0.19,0.0,0.0,0.0,0.0,0.19,0.35,0.0,3
Vernon Broughton,NO,DL,DL,0.19,0.0,0.0,0.0,0.0,0.19,0.34,0.0,1
Wanya Morris,KC,OL,OL,0.19,0.0,0.0,0.04,0.0,0.16,0.35,0.95,3
Trey Pipkins,LAC,OL,OL,0.19,0.0,0.0,0.03,0.0,0.16,0.35,0.95,7
Jonathan Ford,GB,DL,DL,0.19,0.0,0.0,0.0,0.05,0.14,0.2525,0.0,4
Payton Page,NYJ,DL,DL,0.19,0.0,0.0,0.0,0.07,0.12,0.22,0.0,1
Dallis Flowers,CHI,DB,DB,0.19,0.0,0.0,0.0,0.07,0.12,0.23463774597495526,0.0,4
Eric Saubert,SEA,TE,TE,0.19,0.0,0.0,0.08,0.0,0.1,0.34651465919701213,0.4,9
Elijah Simmons,TB,DL,DL,0.19,0.0,0.0,0.0,0.1,0.09,0.16555555555555557,0.0,1
Scott Miller,CHI,WR,WR,0.19,0.0,0.0,0.11,0.0,0.08,0.21917358458534927,0.0,7
Ryan Miller,NYG,WR,WR,0.19,0.0,0.0,0.12,0.0,0.07,0.19045364891518737,0.0,3
Eku Leota,ARI,LB,LB,0.19,0.0,0.0,0.0,0.14,0.05,0.13201923076923078,0.0,3
Devon Key,DEN,DB,DB,0.19,0.0,0.0,0.0,0.14,0.05,0.10046783625730994,0.0,5
Nick Whiteside,DET,DB,DB,0.19,0.0,0.0,0.0,0.15,0.04,0.0889506172839506,0.0,3
Daniel Thomas,CLE,DB,DB,0.19,0.0,0.0,0.0,0.14,0.05,0.0923218954248366,0.0,6
Marlowe Wax,LAC,LB,LB,0.19,0.0,0.0,0.0,0.18,0.01,0.03666666666666667,0.0,1
Drew Lock,SEA,QB,QB,0.18,-0.06,-0.12,-0.03,0.0,0.39,0.39046747967479667,0.0,7
Harold Fannin Jr.,CLE,TE,TE,0.18,0.0,-0.22,0.18,0.0,0.23,0.7593750000000001,0.8,1
C.J. Ravenell,TEN,DL,DL,0.18,0.0,0.0,0.0,-0.01,0.19,0.35,0.0,2
Eric Gregory,NE,DL,DL,0.18,0.0,0.0,0.0,0.0,0.18,0.33428571428571424,0.0,1
Solomon Byrd,HOU,DL,DL,0.18,0.0,0.0,0.0,0.0,0.18,0.32,0.0,2
Eric Watts,NYJ,DL,DL,0.18,0.0,0.0,0.0,0.0,0.18,0.32178571428571423,0.0,2
Michael Coats,CLE,DB,DB,0.18,0.0,0.0,0.0,0.0,0.18,0.35,0.15,0
Jai'Onte' McMillan,IND,DB,DB,0.18,0.0,0.0,0.0,0.0,0.18,0.35,0.0,0
D'Angelo Ponds,NYJ,DB,DB,0.18,0.0,0.0,0.0,0.0,0.18,0.35,0.0,0
Julian Neal,SEA,DB,DB,0.18,0.0,0.0,0.0,0.0,0.18,0.35,0.0,0
Bryce Phillips,KC,DB,DB,0.18,0.0,0.0,0.0,0.0,0.18,0.35,0.0,0
Bilhal Kone,BAL,DB,DB,0.18,0.0,0.0,0.0,0.0,0.18,0.35,0.0,1
Devan Boykin,PIT,DB,DB,0.18,0.0,0.0,0.0,0.0,0.18,0.35,0.0,0
De'Shawn Rucker,DET,DB,DB,0.18,0.0,0.0,0.0,0.0,0.18,0.35,0.0,0
Doneiko Slaughter,PIT,DB,DB,0.18,0.0,0.0,0.0,0.0,0.18,0.35,0.0,1
Jordan Dunbar,BUF,DB,DB,0.18,0.0,0.0,0.0,0.0,0.18,0.35,0.0,0
Marquise Robinson,BAL,DB,DB,0.18,0.0,0.0,0.0,0.0,0.18,0.35,0.0,1
Devon Marshall,JAX,DB,DB,0.18,0.0,0.0,0.0,0.0,0.18,0.35,0.0,0
Melvin Smith Jr.,KC,DB,DB,0.18,0.0,0.0,0.0,0.0,0.18,0.35,0.0,1
Cam Miller,CAR,DB,DB,0.18,0.0,0.0,0.0,0.0,0.18,0.35,0.0,0
Daylen Everette,PIT,DB,DB,0.18,0.0,0.0,0.0,0.0,0.18,0.35,0.0,0
Jahquez Robinson,BAL,DB,DB,0.18,0.0,0.0,0.0,0.0,0.18,0.35,0.0,0
Stephen Hall,HOU,DB,DB,0.18,0.0,0.0,0.0,0.0,0.18,0.35,0.0,0
Elijah Culp,ARI,DB,DB,0.18,0.0,0.0,0.0,0.0,0.18,0.35,0.0,0
Jaden Robinson,DEN,DB,DB,0.18,0.0,0.0,0.0,0.0,0.18,0.35,0.0,1
Michael Dansby,SEA,DB,DB,0.18,0.0,0.0,0.0,0.0,0.18,0.35,0.0,0
Skyler Thomas,CHI,DB,DB,0.18,0.0,0.0,0.0,0.0,0.18,0.35,0.0,0
Lorenzo Styles,NO,DB,DB,0.18,0.0,0.0,0.0,0.0,0.18,0.35,0.0,0
Marlon Jones,GB,DB,DB,0.18,0.0,0.0,0.0,0.0,0.18,0.35,0.0,0
Zakee Wheatley,CAR,DB,DB,0.18,0.0,0.0,0.0,0.0,0.18,0.35,0.0,0
A.J. Haulcy,IND,DB,DB,0.18,0.0,0.0,0.0,0.0,0.18,0.35,0.0,0
Keni-H Lovely,JAX,DB,DB,0.18,0.0,0.0,0.0,0.0,0.18,0.35,0.0,2
Aamaris Brown,DET,DB,DB,0.18,0.0,0.0,0.0,0.0,0.18,0.35,0.0,0
Rejzohn Wright,NO,DB,DB,0.18,0.0,0.0,0.0,0.0,0.18,0.35,0.0,3
Colton Hood,NYG,DB,DB,0.18,0.0,0.0,0.0,0.0,0.18,0.35,0.0,0
Daylan Carnell,PIT,DB,DB,0.18,0.0,0.0,0.0,0.0,0.18,0.35,0.0,0
Karon Prunty,NE,DB,DB,0.18,0.0,0.0,0.0,0.0,0.18,0.35,0.0,0
Eric Rogers,LAC,DB,DB,0.18,0.0,0.0,0.0,0.0,0.18,0.35,0.0,1
Bud Clark,SEA,DB,DB,0.18,0.0,0.0,0.0,0.0,0.18,0.35,0.0,0
Latrell McCutchin,TEN,DB,DB,0.18,0.0,0.0,0.0,0.0,0.18,0.35,0.0,0
Donte Kent,PIT,DB,DB,0.18,0.0,0.0,0.0,0.0,0.18,0.35,0.0,1
Rob Carter,IND,DB,DB,0.18,0.0,0.0,0.0,0.0,0.18,0.35,0.0,0
Maximus Pulley,PHI,DB,DB,0.18,0.0,0.0,0.0,0.0,0.18,0.35,0.0,0
Keith Abney,DET,DB,DB,0.18,0.0,0.0,0.0,0.0,0.18,0.35,0.0,0
T.J. Hall,NO,DB,DB,0.18,0.0,0.0,0.0,0.0,0.18,0.35,0.0,0
Jalen Kimber,CIN,DB,DB,0.18,0.0,0.0,0.0,0.0,0.18,0.35,0.0,1
Zelmar Vedder,KC,DB,DB,0.18,0.0,0.0,0.0,0.0,0.18,0.35,0.0,0
Mark Perry,GB,DB,DB,0.18,0.0,0.0,0.0,0.0,0.18,0.35,0.0,2
JJ Roberts,TB,DB,DB,0.18,0.0,0.0,0.0,0.0,0.18,0.35,0.0,1
Brandon Cisse,GB,DB,DB,0.18,0.0,0.0,0.0,0.0,0.18,0.35,0.0,0
Will Lee,CAR,DB,DB,0.18,0.0,0.0,0.0,0.0,0.18,0.35,0.0,0
Robert Spears-Jennings,PIT,DB,DB,0.18,0.0,0.0,0.0,0.0,0.18,0.35,0.0,0
Marcus Allen,MIN,DB,DB,0.18,0.0,0.0,0.0,0.0,0.18,0.35,0.15,0
Ceyair Wright,CIN,DB,DB,0.18,0.0,0.0,0.0,0.0,0.18,0.35,0.0,0
Caleb Offord,LV,DB,DB,0.18,0.0,0.0,0.0,0.0,0.18,0.35,0.15,0
Kenneth Harris,NE,DB,DB,0.18,0.0,0.0,0.0,0.0,0.18,0.35,0.0,0
Paul Manning,DEN,DB,DB,0.18,0.0,0.0,0.0,0.0,0.18,0.35,0.0,0
Hunter Wohler,IND,DB,DB,0.18,0.0,0.0,0.0,0.0,0.18,0.35,0.0,1
Devin Moore,DAL,DB,DB,0.18,0.0,0.0,0.0,0.0,0.18,0.35,0.0,0
Jabbar Muhammad,JAX,DB,DB,0.18,0.0,0.0,0.0,0.0,0.18,0.35,0.0,1
Nick Andersen,LA,DB,DB,0.18,0.0,0.0,0.0,0.0,0.18,0.35,0.0,0
DeVonta Smith,CAR,DB,DB,0.18,0.0,0.0,0.0,0.0,0.18,0.35,0.0,0
Jalen McMurray,TEN,DB,DB,0.18,0.0,0.0,0.0,0.0,0.18,0.35,0.0,0
Isas Waxter,LAC,DB,DB,0.18,0.0,0.0,0.0,0.0,0.18,0.35,0.0,1
Car'lin Vigers,WAS,DB,DB,0.18,0.0,0.0,0.0,0.0,0.18,0.35,0.0,1
Da'Veawn Armstead,MIN,DB,DB,0.18,0.0,0.0,0.0,0.0,0.18,0.35,0.0,0
Chris Johnson,MIA,DB,DB,0.18,0.0,0.0,0.0,0.0,0.18,0.35,0.0,0
Nate Evans,CLE,DB,DB,0.18,0.0,0.0,0.0,0.0,0.18,0.35,0.0,0
Malcolm DeWalt,ATL,DB,DB,0.18,0.0,0.0,0.0,0.0,0.18,0.35,0.0,0
Xavier Nwankpa,KC,DB,DB,0.18,0.0,0.0,0.0,0.0,0.18,0.35,0.0,0
Kamari Ramsey,HOU,DB,DB,0.18,0.0,0.0,0.0,0.0,0.18,0.35,0.0,0
Robert McDaniel,WAS,DB,DB,0.18,0.0,0.0,0.0,0.0,0.18,0.35,0.0,1
Jayden Price,NO,DB,DB,0.18,0.0,0.0,0.0,0.0,0.18,0.35,0.0,2
Nate Valcarcel,LA,DB,DB,0.18,0.0,0.0,0.0,0.0,0.18,0.35,0.0,1
Kapena Gushiken,PHI,DB,DB,0.18,0.0,0.0,0.0,0.0,0.18,0.35,0.0,0
Michael Taaffe,MIA,DB,DB,0.18,0.0,0.0,0.0,0.0,0.18,0.35,0.0,0
John Saunders Jr.,NE,DB,DB,0.18,0.0,0.0,0.0,0.0,0.18,0.35,0.0,1
Jakob Robinson,SF,DB,DB,0.18,0.0,0.0,0.0,0.0,0.18,0.35,0.0,1
A.J. Woods,ATL,DB,DB,0.18,0.0,0.0,0.0,0.0,0.18,0.35,0.0,2
Alex Johnson,LA,DB,DB,0.18,0.0,0.0,0.0,0.0,0.18,0.35,0.0,2
Devin Neal,JAX,DB,DB,0.18,0.0,0.0,0.0,0.0,0.18,0.35,0.0,0
Austin Brown,IND,DB,DB,0.18,0.0,0.0,0.0,0.0,0.18,0.35,0.0,0
Cole Wisniewski,PHI,DB,DB,0.18,0.0,0.0,0.0,0.0,0.18,0.35,0.0,0
Silas Walters,BAL,DB,DB,0.18,0.0,0.0,0.0,0.0,0.18,0.35,0.0,0
Davison Igbinosun,BUF,DB,DB,0.18,0.0,0.0,0.0,0.0,0.18,0.35,0.0,0
Tanner Wall,LV,DB,DB,0.18,0.0,0.0,0.0,0.0,0.18,0.35,0.0,0
Jalen Huskey,JAX,DB,DB,0.18,0.0,0.0,0.0,0.0,0.18,0.35,0.0,0
D'Arco Perkins-McAllister,KC,DB,DB,0.18,0.0,0.0,0.0,0.0,0.18,0.35,0.0,0
Dillon Thieneman,CHI,DB,DB,0.18,0.0,0.0,0.0,0.0,0.18,0.35,0.0,0
Dontae Manning,CHI,DB,DB,0.18,0.0,0.0,0.0,0.0,0.18,0.35,0.0,1
Hezekiah Masses,LV,DB,DB,0.18,0.0,0.0,0.0,0.0,0.18,0.35,0.0,0
Avery Smith,LAC,DB,DB,0.18,0.0,0.0,0.0,0.0,0.18,0.35,0.0,0
Ephesians Prysock,SF,DB,DB,0.18,0.0,0.0,0.0,0.0,0.18,0.35,0.0,0
MJ Devonshire,GB,DB,DB,0.18,0.0,0.0,0.0,0.0,0.18,0.35,0.0,2
Caleb Downs,DAL,DB,DB,0.18,0.0,0.0,0.0,0.0,0.18,0.35,0.0,0
Andre Fuller,SEA,DB,DB,0.18,0.0,0.0,0.0,0.0,0.18,0.35,0.0,0
Omar Brown,MIA,DB,DB,0.18,0.0,0.0,0.0,0.0,0.18,0.35,0.0,2
Michael Reid,CAR,DB,DB,0.18,0.0,0.0,0.0,0.0,0.18,0.35,0.0,1
Malik Spencer,WAS,DB,DB,0.18,0.0,0.0,0.0,0.0,0.18,0.35,0.0,0
Qwuantrezz Knight,WAS,DB,DB,0.18,0.0,0.0,0.0,0.0,0.18,0.35,0.0,4
Peter Manuma,NE,DB,DB,0.18,0.0,0.0,0.0,0.0,0.18,0.35,0.0,0
Jeadyn Lukus,TEN,DB,DB,0.18,0.0,0.0,0.0,0.0,0.18,0.35,0.0,0
Domani Jackson,GB,DB,DB,0.18,0.0,0.0,0.0,0.0,0.18,0.35,0.0,0
Bishop Fitzgerald,TEN,DB,DB,0.18,0.0,0.0,0.0,0.0,0.18,0.35,0.0,0
Brandon Crossley,NE,DB,DB,0.18,0.0,0.0,0.0,0.0,0.18,0.35,0.0,1
Channing Canada,NE,DB,DB,0.18,0.0,0.0,0.0,0.0,0.18,0.35,0.0,0
Avieon Terrell,ATL,DB,DB,0.18,0.0,0.0,0.0,0.0,0.18,0.35,0.0,0
Charles Demmings,MIN,DB,DB,0.18,0.0,0.0,0.0,0.0,0.18,0.35,0.0,0
Dan Jackson,DET,DB,DB,0.18,0.0,0.0,0.0,0.0,0.18,0.35,0.0,1
Myles Purchase,LAC,DB,DB,0.18,0.0,0.0,0.0,0.0,0.18,0.35,0.0,1
Ja'Qurious Conley,TB,DB,DB,0.18,0.0,0.0,0.0,0.0,0.18,0.35,0.0,0
Mory Bamba,NYJ,DB,DB,0.18,0.0,0.0,0.0,0.0,0.18,0.35,0.0,0
Marcus Banks,TB,DB,DB,0.18,0.0,0.0,0.0,0.0,0.18,0.35,0.0,2
Derrick Canteen,SF,DB,DB,0.18,0.0,0.0,0.0,0.0,0.18,0.35,0.0,1
Ahmari Harvey,DEN,DB,DB,0.18,0.0,0.0,0.0,0.0,0.18,0.35,0.0,0
Toriano Pride,BUF,DB,DB,0.18,0.0,0.0,0.0,0.0,0.18,0.35,0.0,0
Parker Robertson,DEN,DB,DB,0.18,0.0,0.0,0.0,0.0,0.18,0.35,0.0,0
Malik Muhammad,CHI,DB,DB,0.18,0.0,0.0,0.0,0.0,0.18,0.35,0.0,0
Chandler Rivers,BAL,DB,DB,0.18,0.0,0.0,0.0,0.0,0.18,0.35,0.0,0
Miles Scott,DEN,DB,DB,0.18,0.0,0.0,0.0,0.0,0.18,0.35,0.0,0
Wydett Williams,ARI,DB,DB,0.18,0.0,0.0,0.0,0.0,0.18,0.35,0.0,0
Kani Walker,BUF,DB,DB,0.18,0.0,0.0,0.0,0.0,0.18,0.35,0.0,0
Ayden Garnes,TB,DB,DB,0.18,0.0,0.0,0.0,0.0,0.18,0.35,0.0,0
Jadon Canady,KC,DB,DB,0.18,0.0,0.0,0.0,0.0,0.18,0.35,0.0,0
Justin Walley,IND,DB,DB,0.18,0.0,0.0,0.0,0.0,0.18,0.35,0.0,1
Jacob Thomas,MIN,DB,DB,0.18,0.0,0.0,0.0,0.0,0.18,0.35,0.0,0
Jalon Kilgore,BUF,DB,DB,0.18,0.0,0.0,0.0,0.0,0.18,0.35,0.0,0
Keionte Scott,TB,DB,DB,0.18,0.0,0.0,0.0,0.0,0.18,0.35,0.0,0
Matthew McDoom,BAL,DB,DB,0.18,0.0,0.0,0.0,0.0,0.18,0.35,0.0,0
Keydrain Calligan,TEN,DB,DB,0.18,0.0,0.0,0.0,0.0,0.18,0.35,0.0,1
Rodney Shelley,LAC,DB,DB,0.18,0.0,0.0,0.0,0.0,0.18,0.35,0.0,0
Jaylon Guilbeau,CAR,DB,DB,0.18,0.0,0.0,0.0,0.0,0.18,0.35,0.0,0
Noah Avinger,LAC,DB,DB,0.18,0.0,0.0,0.0,0.0,0.18,0.35,0.0,0
Collin Wright,HOU,DB,DB,0.18,0.0,0.0,0.0,0.0,0.18,0.35,0.0,0
Dalton Johnson,LV,DB,DB,0.18,0.0,0.0,0.0,0.0,0.18,0.35,0.0,0
Ethan Robinson,MIA,DB,DB,0.18,0.0,0.0,0.0,0.0,0.18,0.35,0.0,1
Devyn Perkins,LV,DB,DB,0.18,0.0,0.0,0.0,0.0,0.18,0.35,0.0,0
Al'zillion Hamilton,LA,DB,DB,0.18,0.0,0.0,0.0,0.0,0.18,0.35,0.0,0
Tyreek Chappell,MIN,DB,DB,0.18,0.0,0.0,0.0,0.0,0.18,0.35,0.0,0
Larry Worth,SF,DB,DB,0.18,0.0,0.0,0.0,0.0,0.18,0.35,0.0,0
Treydan Stukes,LV,DB,DB,0.18,0.0,0.0,0.0,0.0,0.18,0.35,0.0,0
Dalys Beanum,NO,DB,DB,0.18,0.0,0.0,0.0,0.0,0.18,0.35,0.0,1
Zion Washington,CLE,DB,DB,0.18,0.0,0.0,0.0,0.0,0.18,0.35,0.0,0
Victor Payne,NYJ,DB,DB,0.18,0.0,0.0,0.0,0.0,0.18,0.35,0.0,0
Devin Grant,LAC,DB,DB,0.18,0.0,0.0,0.0,0.0,0.18,0.35,0.0,0
Te'Cory Couch,BUF,DB,DB,0.18,0.0,0.0,0.0,0.0,0.18,0.35,0.0,2
Tamon Lynum,PIT,DB,DB,0.18,0.0,0.0,0.0,0.0,0.18,0.35,0.0,0
Genesis Smith,LAC,DB,DB,0.18,0.0,0.0,0.0,0.0,0.18,0.35,0.0,0
Elliott Davison,NO,DB,DB,0.18,0.0,0.0,0.0,0.0,0.18,0.35,0.0,1
DeShon Singleton,KC,DB,DB,0.18,0.0,0.0,0.0,0.0,0.18,0.35,0.0,0
Mansoor Delane,KC,DB,DB,0.18,0.0,0.0,0.0,0.0,0.18,0.35,0.0,0
Jack Henderson,PIT,DB,DB,0.18,0.0,0.0,0.0,0.0,0.18,0.35,0.0,1
Dom Jones,CLE,DB,DB,0.18,0.0,0.0,0.0,0.0,0.18,0.35,0.0,1
Lardarius Webb,BAL,DB,DB,0.18,0.0,0.0,0.0,0.0,0.18,0.35,0.0,0
Emmanuel McNeil-Warren,CLE,DB,DB,0.18,0.0,0.0,0.0,0.0,0.18,0.35,0.0,0
Brent Austin,DEN,DB,DB,0.18,0.0,0.0,0.0,0.0,0.18,0.35,0.0,0
K.C. Eziomume,CHI,DB,DB,0.18,0.0,0.0,0.0,0.0,0.18,0.35,0.0,0
Devin Lafayette,LV,DB,DB,0.18,0.0,0.0,0.0,0.0,0.18,0.35,0.0,0
Maxen Hook,SEA,DB,DB,0.18,0.0,0.0,0.0,0.0,0.18,0.35,0.0,1
Fred Davis,WAS,DB,DB,0.18,0.0,0.0,0.0,0.0,0.18,0.35,0.0,0
Tacario Davis,CIN,DB,DB,0.18,0.0,0.0,0.0,0.0,0.18,0.35,0.0,0
DaShawn Jones,NO,DB,DB,0.18,0.0,0.0,0.0,0.0,0.18,0.35,0.0,0
Murvin Kenion,GB,DB,DB,0.18,0.0,0.0,0.0,0.0,0.18,0.35,0.0,0
Robert Longerbeam,BAL,DB,DB,0.18,0.0,0.0,0.0,0.0,0.18,0.35,0.0,1
Jalen Stroman,SF,DB,DB,0.18,0.0,0.0,0.0,0.0,0.18,0.35,0.0,0
Jakobe Thomas,MIN,DB,DB,0.18,0.0,0.0,0.0,0.0,0.18,0.35,0.0,0
Nyzier Fourqurean,LA,DB,DB,0.18,0.0,0.0,0.0,0.0,0.18,0.35,0.0,0
Preston Hodge,JAX,DB,DB,0.18,0.0,0.0,0.0,0.0,0.18,0.35,0.0,0
Isaiah Nwokobia,CIN,DB,DB,0.18,0.0,0.0,0.0,0.0,0.18,0.35,0.0,0
Caleb Ransaw,JAX,DB,DB,0.18,0.0,0.0,0.0,0.0,0.18,0.35,0.0,1
Wande Owens,BUF,DB,DB,0.18,0.0,0.0,0.0,0.0,0.18,0.35,0.0,1
Drey Norwood,LA,DB,DB,0.18,0.0,0.0,0.0,0.0,0.18,0.35,0.0,0
Louis Moore,MIA,DB,DB,0.18,0.0,0.0,0.0,0.0,0.18,0.35,0.0,0
Tyron Herring,CLE,DB,DB,0.18,0.0,0.0,0.0,0.0,0.18,0.35,0.0,1
Hendon Hooker,TEN,QB,QB,0.18,-0.01,0.02,0.0,0.0,0.16,0.16333333333333336,0.0,3
Creed Humphrey,KC,OL,OL,0.18,0.0,0.0,0.0,0.02,0.16,0.35,0.95,5
Cody Ford,CIN,OL,OL,0.18,0.0,0.0,0.02,0.0,0.16,0.35,0.95,7
Timmy Horne,TEN,DL,DL,0.18,0.0,0.0,0.0,0.02,0.15,0.27810160427807484,0.0,4
Albert Okwuegbunam,LV,TE,TE,0.18,0.0,0.0,0.06,0.0,0.12,0.39422077922077925,0.0,6
Jeremy Ruckert,NYJ,TE,TE,0.18,0.0,0.0,0.06,0.0,0.11,0.3820918072655419,0.4,4
Adin Huntington,CLE,DL,DL,0.18,0.0,0.0,0.0,0.07,0.11,0.20076923076923078,0.0,1
Danny Striggow,JAX,DL,DL,0.18,0.0,0.0,0.0,0.07,0.11,0.1981818181818182,0.0,1
Keir Thomas,LA,LB,LB,0.18,0.0,0.0,0.0,0.08,0.1,0.25422705314009664,0.0,4
Nikko Reed,LAC,DB,DB,0.18,0.0,0.0,0.0,0.09,0.09,0.184,0.0,1
Truman Jones,TEN,LB,LB,0.18,0.0,0.0,0.0,0.09,0.09,0.21374999999999997,0.0,3
Casey Washington,ATL,WR,WR,0.18,0.0,0.0,0.1,0.0,0.08,0.23734374999999996,0.0,2
Mike Morris,SEA,DL,DL,0.18,0.0,0.0,0.0,0.1,0.08,0.14774358974358973,0.0,3
Kitan Crawford,ARI,DB,DB,0.18,0.0,0.0,0.0,0.11,0.07,0.142,0.0,1
Mitchell Tinsley,CIN,WR,WR,0.18,0.0,0.0,0.12,0.0,0.07,0.18775599128540305,0.0,3
Ben Sims,MIA,TE,TE,0.18,0.0,0.0,0.13,0.0,0.05,0.16093564845886824,0.15,3
Arron Mosby,GB,DL,DL,0.18,0.0,0.0,0.0,0.14,0.03,0.05846153846153846,0.0,4
Ihmir Smith-Marsette,ARI,WR,WR,0.18,0.0,0.13,0.02,0.0,0.03,0.07194588235294117,0.0,5
Nikko Remigio,KC,WR,WR,0.18,0.0,0.07,0.08,0.0,0.02,0.07116071428571427,0.0,3
Mike Ford,ATL,DB,DB,0.18,0.0,0.0,0.0,0.15,0.02,0.0442473604826546,0.0,8
Kenny McIntosh,SEA,RB,RB,0.18,0.0,0.19,-0.02,0.0,0.01,0.047182662538699696,0.3,3
Elic Ayomanor,TEN,WR,WR,0.17,0.0,0.0,-0.11,0.0,0.28,0.805625,0.3,1
Francisco Mauigoa,NYJ,LB,LB,0.17,0.0,0.0,0.0,0.0,0.17,0.43333333333333335,0.2,1
Jordan Clark,NYJ,DB,DB,0.17,0.0,0.0,0.0,0.0,0.17,0.34333333333333327,0.0,1
Isaiah Bond,CLE,WR,WR,0.17,0.0,0.06,-0.06,0.0,0.17,0.480625,0.8,1
Andrew Thomas,NYG,OL,OL,0.17,0.0,0.0,0.01,0.0,0.16,0.35,0.95,6
Myles Cole,NO,DL,DL,0.17,0.0,0.0,0.0,0.04,0.13,0.22750000000000004,0.0,2
TreVeyon Henderson,NE,RB,RB,0.17,0.0,0.07,-0.01,0.0,0.11,0.4304761904761906,0.65,1
Bub Means,NO,WR,WR,0.17,0.0,0.0,0.06,0.0,0.1,0.29714285714285715,0.15,2
Tomon Fox,LA,LB,LB,0.17,0.0,0.0,0.0,0.09,0.08,0.2075616631430585,0.0,4
Roman Wilson,PIT,WR,WR,0.17,0.0,0.0,0.09,0.0,0.08,0.2329807692307692,0.0,2
Ty Robinson,PHI,DL,DL,0.17,0.0,0.0,0.0,0.09,0.08,0.14545454545454548,0.0,1
Miles Battle,MIA,DB,DB,0.17,0.0,0.0,0.0,0.09,0.08,0.16,0.0,2
Chad Muma,NE,LB,LB,0.17,0.0,0.0,0.0,0.11,0.06,0.14307797537619696,0.0,4
Robert Tonyan,PIT,TE,TE,0.17,0.0,0.0,0.11,0.0,0.05,0.18021764705882354,0.0,9
D.J. Ivey,CIN,DB,DB,0.17,0.0,0.0,0.0,0.12,0.05,0.09284467982997394,0.0,3
Daijahn Anthony,CIN,DB,DB,0.17,0.0,0.0,0.0,0.13,0.04,0.07336538461538461,0.0,2
Isaac Guerendo,SF,RB,RB,0.17,0.0,-0.1,0.23,0.02,0.02,0.08601562499999997,0.1,2
Deshaun Watson,CLE,QB,QB,0.16,-0.47,-0.26,0.0,0.0,0.89,0.8885300207039339,0.0,9
Terrace Marshall Jr.,MIA,WR,WR,0.16,0.0,0.0,0.0,0.0,0.16,0.4553391941391941,0.3,5
Lane Johnson,PHI,OL,OL,0.16,0.0,0.0,0.0,0.0,0.16,0.35,0.95,13
Darian Kinnard,GB,OL,OL,0.16,0.0,0.0,0.0,0.0,0.16,0.35,0.95,4
Garrett Bradbury,CHI,OL,OL,0.16,0.0,0.0,0.0,0.0,0.16,0.35,0.95,7
Terence Steele,DAL,OL,OL,0.16,0.0,0.0,0.0,0.0,0.16,0.35,0.95,6
Nick Allegretti,WAS,OL,OL,0.16,0.0,0.0,0.0,0.0,0.16,0.35,0.95,7
Danny Pinter,BAL,OL,OL,0.16,0.0,0.0,0.0,0.0,0.16,0.35,0.95,6
Will Sherman,NO,OL,OL,0.16,0.0,0.0,0.0,0.0,0.16,0.35,0.95,5
Kingsley Suamataia,KC,OL,OL,0.16,0.0,0.0,0.0,0.0,0.16,0.35,0.95,2
Greg Crippen,PIT,OL,OL,0.16,0.0,0.0,0.0,0.0,0.16,0.35,0.95,0
Dillon Radunz,NO,OL,OL,0.16,0.0,0.0,0.0,0.0,0.16,0.35,0.95,5
Spencer Fano,CLE,OL,OL,0.16,0.0,0.0,0.0,0.0,0.16,0.35,0.95,0
Brian O'Neill,MIN,OL,OL,0.16,0.0,0.0,0.0,0.0,0.16,0.35,0.95,8
Troy Fautanu,PIT,OL,OL,0.16,0.0,0.0,0.0,0.0,0.16,0.35,0.95,2
Michael Jurgens,MIN,OL,OL,0.16,0.0,0.0,0.0,0.0,0.16,0.35,0.95,2
Asim Richards,NO,OL,OL,0.16,0.0,0.0,0.0,0.0,0.16,0.35,0.95,3
Nick Samac,CAR,OL,OL,0.16,0.0,0.0,0.0,0.0,0.16,0.35,0.95,2
Landon Young,NYJ,OL,OL,0.16,0.0,0.0,0.0,0.0,0.16,0.35,0.95,5
Caleb Tiernan,MIN,OL,OL,0.16,0.0,0.0,0.0,0.0,0.16,0.35,0.95,0
Nolan Rucci,IND,OL,OL,0.16,0.0,0.0,0.0,0.0,0.16,0.35,0.95,0
Ikem Ekwonu,CAR,OL,OL,0.16,0.0,0.0,0.0,0.0,0.16,0.35,0.95,4
Caleb Etienne,MIN,OL,OL,0.16,0.0,0.0,0.0,0.0,0.16,0.35,0.95,1
Wyatt Teller,HOU,OL,OL,0.16,0.0,0.0,0.0,0.0,0.16,0.35,0.95,8
James Neal,HOU,OL,OL,0.16,0.0,0.0,0.0,0.0,0.16,0.35,0.95,0
Marcus Bryant,NE,OL,OL,0.16,0.0,0.0,0.0,0.0,0.16,0.35,0.95,1
Ajani Cornelius,DAL,OL,OL,0.16,0.0,0.0,0.0,0.0,0.16,0.35,0.95,1
Jaren Kump,CHI,OL,OL,0.16,0.0,0.0,0.0,0.0,0.16,0.35,0.95,0
Brock Hoffman,PIT,OL,OL,0.16,0.0,0.0,0.0,0.0,0.16,0.35,0.95,4
Armand Membou,NYJ,OL,OL,0.16,0.0,0.0,0.0,0.0,0.16,0.35,0.95,1
Joshua Ezeudu,NYG,OL,OL,0.16,0.0,0.0,0.0,0.0,0.16,0.35,0.95,4
Gennings Dunker,PIT,OL,OL,0.16,0.0,0.0,0.0,0.0,0.16,0.35,0.95,0
Bryan Hudson,NYG,OL,OL,0.16,0.0,0.0,0.0,0.0,0.16,0.35,0.95,2
Easton Kilty,NO,OL,OL,0.16,0.0,0.0,0.0,0.0,0.16,0.35,0.95,1
Robert Hunt,CAR,OL,OL,0.16,0.0,0.0,0.0,0.0,0.16,0.35,0.95,6
Lorenzo Thompson,PIT,OL,OL,0.16,0.0,0.0,0.0,0.0,0.16,0.35,0.95,2
Olaivavega Ioane,BAL,OL,OL,0.16,0.0,0.0,0.0,0.0,0.16,0.35,0.95,0
Broderick Jones,PIT,OL,OL,0.16,0.0,0.0,0.0,0.0,0.16,0.35,0.15,3
Garrett DiGiorgio,JAX,OL,OL,0.16,0.0,0.0,0.0,0.0,0.16,0.35,0.95,0
Ja'Tyre Carter,CAR,OL,OL,0.16,0.0,0.0,0.0,0.0,0.16,0.35,0.95,4
Trent Brown,HOU,OL,OL,0.16,0.0,0.0,0.0,0.0,0.16,0.35,0.95,11
Henry Byrd,MIN,OL,OL,0.16,0.0,0.0,0.0,0.0,0.16,0.35,0.95,3
Christian Jones,ARI,OL,OL,0.16,0.0,0.0,0.0,0.0,0.16,0.35,0.95,2
Alan Herron,NO,OL,OL,0.16,0.0,0.0,0.0,0.0,0.16,0.35,0.95,0
O'Cyrus Torrence,BUF,OL,OL,0.16,0.0,0.0,0.0,0.0,0.16,0.35,0.95,3
Peter Skoronski,TEN,OL,OL,0.16,0.0,0.0,0.0,0.0,0.16,0.35,0.95,3
Storm Norton,ATL,OL,OL,0.16,0.0,0.0,0.0,0.0,0.16,0.35,0.95,9
James Hudson,NE,OL,OL,0.16,0.0,0.0,0.0,0.0,0.16,0.35,0.95,5
Kahlil Benson,KC,OL,OL,0.16,0.0,0.0,0.0,0.0,0.16,0.35,0.95,0
Jaeden Roberts,PHI,OL,OL,0.16,0.0,0.0,0.0,0.0,0.16,0.35,0.95,0
Kingsley Eguakun,CLE,OL,OL,0.16,0.0,0.0,0.0,0.0,0.16,0.35,0.95,2
Mike Onwenu,NE,OL,OL,0.16,0.0,0.0,0.0,0.0,0.16,0.35,0.95,6
Cody Mauch,TB,OL,OL,0.16,0.0,0.0,0.0,0.0,0.16,0.35,0.95,3
Patrick Mekari,JAX,OL,OL,0.16,0.0,0.0,0.0,0.0,0.16,0.35,0.95,7
Christian Darrisaw,MIN,OL,OL,0.16,0.0,0.0,0.0,0.0,0.16,0.35,0.15,5
Jerome Carvin,JAX,OL,OL,0.16,0.0,0.0,0.0,0.0,0.16,0.35,0.95,3
Cade Mays,DET,OL,OL,0.16,0.0,0.0,0.0,0.0,0.16,0.35,0.95,4
Aaron Brewer,MIA,OL,OL,0.16,0.0,0.0,0.0,0.0,0.16,0.35,0.95,6
Josh Myers,NYJ,OL,OL,0.16,0.0,0.0,0.0,0.0,0.16,0.35,0.95,5
Dylan Parham,NYJ,OL,OL,0.16,0.0,0.0,0.0,0.0,0.16,0.35,0.95,4
Gavin Ortega,DEN,OL,OL,0.16,0.0,0.0,0.0,0.0,0.16,0.35,0.95,0
Seth McLaughlin,DET,OL,OL,0.16,0.0,0.0,0.0,0.0,0.16,0.35,0.95,1
Jarrett Patterson,HOU,OL,OL,0.16,0.0,0.0,0.0,0.0,0.16,0.35,0.95,3
Niklas Henning,LV,OL,OL,0.16,0.0,0.0,0.0,0.0,0.16,0.35,0.95,0
Kendrick Green,CLE,OL,OL,0.16,0.0,0.0,0.0,0.0,0.16,0.35,0.95,5
Austin Schlottmann,TEN,OL,OL,0.16,0.0,0.0,0.0,0.0,0.16,0.35,0.95,8
Andrew Rupcich,NE,OL,OL,0.16,0.0,0.0,0.0,0.0,0.16,0.35,0.95,4
Kage Casey,DEN,OL,OL,0.16,0.0,0.0,0.0,0.0,0.16,0.35,0.95,0
Jake Majors,PHI,OL,OL,0.16,0.0,0.0,0.0,0.0,0.16,0.35,0.95,1
Cesar Ruiz,NO,OL,OL,0.16,0.0,0.0,0.0,0.0,0.16,0.35,0.15,6
Andrew Wylie,WAS,OL,OL,0.16,0.0,0.0,0.0,0.0,0.16,0.35,0.95,9
Ted Karras,CIN,OL,OL,0.16,0.0,0.0,0.0,0.0,0.16,0.35,0.95,10
Nick Zakelj,SF,OL,OL,0.16,0.0,0.0,0.0,0.0,0.16,0.35,0.95,4
Doug Nester,PIT,OL,OL,0.16,0.0,0.0,0.0,0.0,0.16,0.35,0.1,2
Dillon Wade,GB,OL,OL,0.16,0.0,0.0,0.0,0.0,0.16,0.35,0.95,0
Tyler Biadasz,LAC,OL,OL,0.16,0.0,0.0,0.0,0.0,0.16,0.35,0.95,6
Jager Burton,GB,OL,OL,0.16,0.0,0.0,0.0,0.0,0.16,0.35,0.95,0
Aireontae Ersery,HOU,OL,OL,0.16,0.0,0.0,0.0,0.0,0.16,0.35,0.95,1
Caleb Rogers,LV,OL,OL,0.16,0.0,0.0,0.0,0.0,0.16,0.35,0.95,1
Ka'ena De Cambra,ARI,OL,OL,0.16,0.0,0.0,0.0,0.0,0.16,0.35,0.95,0
Isaac Seumalo,ARI,OL,OL,0.16,0.0,0.0,0.0,0.0,0.16,0.35,0.95,10
Ozzy Trapilo,CHI,OL,OL,0.16,0.0,0.0,0.0,0.0,0.16,0.35,0.95,1
Brandon Crenshaw-Dickson,TEN,OL,OL,0.16,0.0,0.0,0.0,0.0,0.16,0.35,0.95,1
Jeremiah Byers,CLE,OL,OL,0.16,0.0,0.0,0.0,0.0,0.16,0.35,0.95,1
Hayden Conner,ARI,OL,OL,0.16,0.0,0.0,0.0,0.0,0.16,0.35,0.95,1
Aamil Wagner,TEN,OL,OL,0.16,0.0,0.0,0.0,0.0,0.16,0.35,0.95,0
Keylan Rutledge,HOU,OL,OL,0.16,0.0,0.0,0.0,0.0,0.16,0.35,0.15,0
Jalen Travis,IND,OL,OL,0.16,0.0,0.0,0.0,0.0,0.16,0.35,0.95,1
Ryan Hayes,TEN,OL,OL,0.16,0.0,0.0,0.0,0.0,0.16,0.35,0.95,3
Joshua Gray,CAR,OL,OL,0.16,0.0,0.0,0.0,0.0,0.16,0.35,0.95,1
Melvin Priestly,DET,OL,OL,0.16,0.0,0.0,0.0,0.0,0.16,0.35,0.95,0
Blake Freeland,IND,OL,OL,0.16,0.0,0.0,0.0,0.0,0.16,0.35,0.95,3
David Edwards,NO,OL,OL,0.16,0.0,0.0,0.0,0.0,0.16,0.35,0.1,7
Jackson Powers-Johnson,LV,OL,OL,0.16,0.0,0.0,0.0,0.0,0.16,0.35,0.95,2
Jacob Spomer,LAC,OL,OL,0.16,0.0,0.0,0.0,0.0,0.16,0.35,0.95,0
Ethan Onianwa,ATL,OL,OL,0.16,0.0,0.0,0.0,0.0,0.16,0.35,0.95,0
Garrett Dellinger,TEN,OL,OL,0.16,0.0,0.0,0.0,0.0,0.16,0.35,0.15,1
Lucas Patrick,NYG,OL,OL,0.16,0.0,0.0,0.0,0.0,0.16,0.35,0.95,10
Julian Good-Jones,WAS,OL,OL,0.16,0.0,0.0,0.0,0.0,0.16,0.35,0.95,6
Kadyn Proctor,MIA,OL,OL,0.16,0.0,0.0,0.0,0.0,0.16,0.35,0.95,0
Geno VanDeMark,IND,OL,OL,0.16,0.0,0.0,0.0,0.0,0.16,0.35,0.95,0
Luke Goedeke,TB,OL,OL,0.16,0.0,0.0,0.0,0.0,0.16,0.35,0.95,4
Daniel Faalele,NYG,OL,OL,0.16,0.0,0.0,0.0,0.0,0.16,0.35,0.95,4
Nick Leverett,DAL,OL,OL,0.16,0.0,0.0,0.0,0.0,0.16,0.35,0.95,6
Larry Borom,DET,OL,OL,0.16,0.0,0.0,0.0,0.0,0.16,0.35,0.95,5
Willie Lampkin,PHI,OL,OL,0.16,0.0,0.0,0.0,0.0,0.16,0.35,0.95,1
Ronnie Stanley,BAL,OL,OL,0.16,0.0,0.0,0.0,0.0,0.16,0.35,0.95,10
Spencer Brown,BUF,OL,OL,0.16,0.0,0.0,0.0,0.0,0.16,0.35,0.95,5
Jarrett Kingston,HOU,OL,OL,0.16,0.0,0.0,0.0,0.0,0.16,0.35,0.1,2
Caden Barnett,CHI,OL,OL,0.16,0.0,0.0,0.0,0.0,0.16,0.35,0.95,0
Dylan Cook,PIT,OL,OL,0.16,0.0,0.0,0.0,0.0,0.16,0.35,0.0,4
Corey Robinson,CIN,OL,OL,0.16,0.0,0.0,0.0,0.0,0.16,0.35,0.95,0
Olumuyiwa Fashanu,NYJ,OL,OL,0.16,0.0,0.0,0.0,0.0,0.16,0.35,0.95,2
Myles Hinton,PHI,OL,OL,0.16,0.0,0.0,0.0,0.0,0.16,0.35,0.95,1
Max Mitchell,NYJ,OL,OL,0.16,0.0,0.0,0.0,0.0,0.16,0.35,0.15,4
Donovan Jennings,GB,OL,OL,0.16,0.0,0.0,0.0,0.0,0.16,0.35,0.95,2
Tyler Miller,DEN,OL,OL,0.16,0.0,0.0,0.0,0.0,0.16,0.35,0.95,0
Michael Jerrell,ATL,OL,OL,0.16,0.0,0.0,0.0,0.0,0.16,0.35,0.95,2
Olisaemeka Udoh,ARI,OL,OL,0.16,0.0,0.0,0.0,0.0,0.16,0.35,0.95,7
John Williams,GB,OL,OL,0.16,0.0,0.0,0.0,0.0,0.16,0.35,0.95,1
Jaylon Moore,KC,OL,OL,0.16,0.0,0.0,0.0,0.0,0.16,0.35,0.15,5
Kayode Awosika,LAC,OL,OL,0.16,0.0,0.0,0.0,0.0,0.16,0.35,0.95,5
Tyre Phillips,CLE,OL,OL,0.16,0.0,0.0,0.0,0.0,0.16,0.35,0.95,6
Max Iheanachor,PIT,OL,OL,0.16,0.0,0.0,0.0,0.0,0.16,0.35,0.0,0
Brandon Coleman,WAS,OL,OL,0.16,0.0,0.0,0.0,0.0,0.16,0.35,0.95,2
Torricelli Simpkins III,NO,OL,OL,0.16,0.0,0.0,0.0,0.0,0.16,0.35,0.0,1
Dalton Wagner,LV,OL,OL,0.16,0.0,0.0,0.0,0.0,0.16,0.35,0.95,3
Patrick Paul,MIA,OL,OL,0.16,0.0,0.0,0.0,0.0,0.16,0.35,0.95,2
Luke Haggard,TB,OL,OL,0.16,0.0,0.0,0.0,0.0,0.16,0.35,0.95,3
Logan Jones,CHI,OL,OL,0.16,0.0,0.0,0.0,0.0,0.16,0.35,0.15,0
Gavin Gerhardt,MIN,OL,OL,0.16,0.0,0.0,0.0,0.0,0.16,0.35,0.1,0
Drew Shelton,DAL,OL,OL,0.16,0.0,0.0,0.0,0.0,0.16,0.35,0.95,0
Walter Rouse,MIN,OL,OL,0.16,0.0,0.0,0.0,0.0,0.16,0.35,0.0,2
Sam Hecht,CAR,OL,OL,0.16,0.0,0.0,0.0,0.0,0.16,0.35,0.15,0
Jedrick Wills,CHI,OL,OL,0.16,0.0,0.0,0.0,0.0,0.16,0.35,0.1,6
Jordan Meredith,LV,OL,OL,0.16,0.0,0.0,0.0,0.0,0.16,0.35,0.15,5
Matt Pryor,ARI,OL,OL,0.16,0.0,0.0,0.0,0.0,0.16,0.35,0.15,8
Alec Anderson,BUF,OL,OL,0.16,0.0,0.0,0.0,0.0,0.16,0.35,0.95,4
J.C. Davis,NYG,OL,OL,0.16,0.0,0.0,0.0,0.0,0.16,0.35,0.15,0
Jacob Bayer,CIN,OL,OL,0.16,0.0,0.0,0.0,0.0,0.16,0.35,0.95,1
Blake Fisher,HOU,OL,OL,0.16,0.0,0.0,0.0,0.0,0.16,0.35,0.0,2
Steve Avila,LA,OL,OL,0.16,0.0,0.0,0.0,0.0,0.16,0.35,0.95,3
Marshall Foerner,TB,OL,OL,0.16,0.0,0.0,0.0,0.0,0.16,0.35,0.95,1
Jake Kubas,NYG,OL,OL,0.16,0.0,0.0,0.0,0.0,0.16,0.35,0.1,2
Teven Jenkins,CLE,OL,OL,0.16,0.0,0.0,0.0,0.0,0.16,0.35,0.15,5
Jonah Monheim,JAX,OL,OL,0.16,0.0,0.0,0.0,0.0,0.16,0.35,0.95,1
Quinn Meinerz,DEN,OL,OL,0.16,0.0,0.0,0.0,0.0,0.16,0.35,0.95,5
Jack Driscoll,PIT,OL,OL,0.16,0.0,0.0,0.0,0.0,0.16,0.35,0.0,6
Drake Nugent,SF,OL,OL,0.16,0.0,0.0,0.0,0.0,0.16,0.35,0.95,2
Evan Brown,HOU,OL,OL,0.16,0.0,0.0,0.0,0.0,0.16,0.35,0.0,8
Logan Brown,SEA,OL,OL,0.16,0.0,0.0,0.0,0.0,0.16,0.35,0.95,1
Trevor Keegan,DAL,OL,OL,0.16,0.0,0.0,0.0,0.0,0.16,0.35,0.95,2
Austen Pleasants,SF,OL,OL,0.16,0.0,0.0,0.0,0.0,0.16,0.35,0.95,6
Andrew Meyer,MIA,OL,OL,0.16,0.0,0.0,0.0,0.0,0.16,0.35,0.95,2
Sebastian Gutierrez,NE,OL,OL,0.16,0.0,0.0,0.0,0.0,0.16,0.35,0.95,4
Travis Burke,LAC,OL,OL,0.16,0.0,0.0,0.0,0.0,0.16,0.35,0.95,0
Keagen Trost,LA,OL,OL,0.16,0.0,0.0,0.0,0.0,0.16,0.35,0.95,0
Jack Conley,CLE,OL,OL,0.16,0.0,0.0,0.0,0.0,0.16,0.35,0.1,1
Beaux Limmer,LA,OL,OL,0.16,0.0,0.0,0.0,0.0,0.16,0.35,0.95,2
Jacob Rizy,NE,OL,OL,0.16,0.0,0.0,0.0,0.0,0.16,0.35,0.15,0
Vershon Lee,MIN,OL,OL,0.16,0.0,0.0,0.0,0.0,0.16,0.35,0.0,1
Sam Hagen,HOU,OL,OL,0.16,0.0,0.0,0.0,0.0,0.16,0.35,0.0,0
Evan Beerntsen,BAL,OL,OL,0.16,0.0,0.0,0.0,0.0,0.16,0.35,0.95,0
Corey Levin,ATL,OL,OL,0.16,0.0,0.0,0.0,0.0,0.16,0.35,0.95,9
Colby Sorsdal,DET,OL,OL,0.16,0.0,0.0,0.0,0.0,0.16,0.35,0.95,3
Parker Brailsford,CLE,OL,OL,0.16,0.0,0.0,0.0,0.0,0.16,0.35,0.0,0
Ezra Cleveland,JAX,OL,OL,0.16,0.0,0.0,0.0,0.0,0.16,0.35,0.95,6
Sean Rhyan,GB,OL,OL,0.16,0.0,0.0,0.0,0.0,0.16,0.35,0.15,4
Tyler Cooper,WAS,OL,OL,0.16,0.0,0.0,0.0,0.0,0.16,0.35,0.15,1
Jordan Mailata,PHI,OL,OL,0.16,0.0,0.0,0.0,0.0,0.16,0.35,0.15,8
Zak Zinter,CLE,OL,OL,0.16,0.0,0.0,0.0,0.0,0.16,0.35,0.0,2
Andrew Vorhees,BAL,OL,OL,0.16,0.0,0.0,0.0,0.0,0.16,0.35,0.95,3
D.J. Campbell,MIA,OL,OL,0.16,0.0,0.0,0.0,0.0,0.16,0.35,0.95,0
Dametrious Crownover,NE,OL,OL,0.16,0.0,0.0,0.0,0.0,0.16,0.35,0.1,0
Mason Miller,DET,OL,OL,0.16,0.0,0.0,0.0,0.0,0.16,0.35,0.15,1
Pete Nygra,KC,OL,OL,0.16,0.0,0.0,0.0,0.0,0.16,0.35,0.1,0
Riley Mahlman,ATL,OL,OL,0.16,0.0,0.0,0.0,0.0,0.16,0.35,0.95,0
Jim Bonifas,MIA,OL,OL,0.16,0.0,0.0,0.0,0.0,0.16,0.35,0.15,0
Justin Skule,TB,OL,OL,0.16,0.0,0.0,0.0,0.0,0.16,0.35,0.15,7
Joe Thuney,CHI,OL,OL,0.16,0.0,0.0,0.0,0.0,0.16,0.35,0.0,10
Anez Cooper,NYJ,OL,OL,0.16,0.0,0.0,0.0,0.0,0.16,0.35,0.1,0
Austin Blaske,LA,OL,OL,0.16,0.0,0.0,0.0,0.0,0.16,0.35,0.95,0
Kamar Missouri,LV,OL,OL,0.16,0.0,0.0,0.0,0.0,0.16,0.35,0.1,0
Chase Lundt,BUF,OL,OL,0.16,0.0,0.0,0.0,0.0,0.16,0.35,0.95,1
Jon Gaines II,ARI,OL,OL,0.16,0.0,0.0,0.0,0.0,0.16,0.35,0.1,3
Chris Lindstrom,ATL,OL,OL,0.16,0.0,0.0,0.0,0.0,0.16,0.35,0.15,7
Ben Scott,TB,OL,OL,0.16,0.0,0.0,0.0,0.0,0.16,0.35,0.1,1
Josh Fryar,ARI,OL,OL,0.16,0.0,0.0,0.0,0.0,0.16,0.35,0.0,1
Devin Cochran,DET,OL,OL,0.16,0.0,0.0,0.0,0.0,0.16,0.35,0.1,4
Dalton Tucker,IND,OL,OL,0.16,0.0,0.0,0.0,0.0,0.16,0.35,0.95,2
Robert Jones,SF,OL,OL,0.16,0.0,0.0,0.0,0.0,0.16,0.35,0.95,5
Jamaree Salyer,MIA,OL,OL,0.16,0.0,0.0,0.0,0.0,0.16,0.35,0.1,4
Emery Jones Jr.,BAL,OL,OL,0.16,0.0,0.0,0.0,0.0,0.16,0.35,0.15,1
Justin Dedich,LA,OL,OL,0.16,0.0,0.0,0.0,0.0,0.16,0.35,0.15,2
Robert Hainsey,JAX,OL,OL,0.16,0.0,0.0,0.0,0.0,0.16,0.35,0.15,5
Joe Huber,MIN,OL,OL,0.16,0.0,0.0,0.0,0.0,0.16,0.35,0.0,1
Tanor Bortolini,IND,OL,OL,0.16,0.0,0.0,0.0,0.0,0.16,0.35,0.15,2
Luke Tenuta,IND,OL,OL,0.16,0.0,0.0,0.0,0.0,0.16,0.35,0.1,4
Matt Gulbin,WAS,OL,OL,0.16,0.0,0.0,0.0,0.0,0.16,0.35,0.1,0
Timothy McKay,WAS,OL,OL,0.16,0.0,0.0,0.0,0.0,0.16,0.35,0.0,1
Calvin Throckmorton,DEN,OL,OL,0.16,0.0,0.0,0.0,0.0,0.16,0.35,0.15,6
Tristan Leigh,MIN,OL,OL,0.16,0.0,0.0,0.0,0.0,0.16,0.35,0.0,0
Christian Jones,CIN,OL,OL,0.16,0.0,0.0,0.0,0.0,0.16,0.35,0.95,0
Xavier Hill,NYJ,OL,OL,0.16,0.0,0.0,0.0,0.0,0.16,0.35,0.0,0
Giovanni Manu,DET,OL,OL,0.16,0.0,0.0,0.0,0.0,0.16,0.35,0.0,2
Carson Vinson,BAL,OL,OL,0.16,0.0,0.0,0.0,0.0,0.16,0.35,0.1,1
John Ojukwu,PHI,OL,OL,0.16,0.0,0.0,0.0,0.0,0.16,0.35,0.1,3
Branson Taylor,LAC,OL,OL,0.16,0.0,0.0,0.0,0.0,0.16,0.35,0.15,1
Marques Cox,MIA,OL,OL,0.16,0.0,0.0,0.0,0.0,0.16,0.35,0.0,1
Barry Wesley,NO,OL,OL,0.16,0.0,0.0,0.0,0.0,0.16,0.35,0.0,4
Jayden Williams,ARI,OL,OL,0.16,0.0,0.0,0.0,0.0,0.16,0.35,0.0,0
Eli Cox,HOU,OL,OL,0.16,0.0,0.0,0.0,0.0,0.16,0.35,0.0,1
James Brockermeyer,ATL,OL,OL,0.16,0.0,0.0,0.0,0.0,0.16,0.35,0.1,0
Brant Banks,GB,OL,OL,0.16,0.0,0.0,0.0,0.0,0.16,0.35,0.1,1
Jacob Monk,GB,OL,OL,0.16,0.0,0.0,0.0,0.0,0.16,0.35,0.0,2
Kam Dewberry,ATL,OL,OL,0.16,0.0,0.0,0.0,0.0,0.16,0.35,0.0,0
Taliese Fuaga,NO,OL,OL,0.16,0.0,0.0,0.0,0.0,0.16,0.35,0.0,2
Jimto Obidegwu,JAX,OL,OL,0.16,0.0,0.0,0.0,0.0,0.16,0.35,0.1,0
Blake Miller,DET,OL,OL,0.16,0.0,0.0,0.0,0.0,0.16,0.35,0.0,0
Cam Jurgens,PHI,OL,OL,0.16,0.0,0.0,0.0,0.0,0.16,0.35,0.0,4
Hollin Pierce,PHI,OL,OL,0.16,0.0,0.0,0.0,0.0,0.16,0.35,0.0,1
Aaron Stinnie,NYG,OL,OL,0.16,0.0,0.0,0.0,0.0,0.16,0.35,0.0,8
Austin Deculus,TEN,OL,OL,0.16,0.0,0.0,0.0,0.0,0.16,0.35,0.1,4
Ryan Neuzil,ATL,OL,OL,0.16,0.0,0.0,0.0,0.0,0.16,0.35,0.0,5
Josh Kreutz,IND,OL,OL,0.16,0.0,0.0,0.0,0.0,0.16,0.35,0.0,0
Charles Grant,LV,OL,OL,0.16,0.0,0.0,0.0,0.0,0.16,0.35,0.0,1
Zach Frazier,PIT,OL,OL,0.16,0.0,0.0,0.0,0.0,0.16,0.35,0.0,2
Alex Forsyth,DEN,OL,OL,0.16,0.0,0.0,0.0,0.0,0.16,0.35,0.1,3
Joe Tippmann,NYJ,OL,OL,0.16,0.0,0.0,0.0,0.0,0.16,0.35,0.0,3
Michael Niese,DET,OL,OL,0.16,0.0,0.0,0.0,0.0,0.16,0.35,0.0,4
A.J. Arcuri,LA,OL,OL,0.16,0.0,0.0,0.0,0.0,0.16,0.35,0.1,4
Connor Lew,CIN,OL,OL,0.16,0.0,0.0,0.0,0.0,0.16,0.35,0.15,0
Chris Paul,WAS,OL,OL,0.16,0.0,0.0,0.0,0.0,0.16,0.35,0.0,4
John Simpson,BAL,OL,OL,0.16,0.0,0.0,0.0,0.0,0.16,0.35,0.0,6
Alex Palczewski,DEN,OL,OL,0.16,0.0,0.0,0.0,0.0,0.16,0.35,0.0,3
Zach Tom,GB,OL,OL,0.16,0.0,0.0,0.0,0.0,0.16,0.35,0.0,4
Andrew Coker,CIN,OL,OL,0.16,0.0,0.0,0.0,0.0,0.16,0.35,0.1,2
Trey Zuhn,LV,OL,OL,0.16,0.0,0.0,0.0,0.0,0.16,0.35,0.0,0
Tyler Booker,DAL,OL,OL,0.16,0.0,0.0,0.0,0.0,0.16,0.35,0.15,1
Jonah Savaiinaea,MIA,OL,OL,0.16,0.0,0.0,0.0,0.0,0.16,0.35,0.0,1
Roger Rosengarten,BAL,OL,OL,0.16,0.0,0.0,0.0,0.0,0.16,0.35,0.0,2
Cordell Volson,TEN,OL,OL,0.16,0.0,0.0,0.0,0.0,0.16,0.35,0.0,4
Sedrick Van Pran-Granger,BUF,OL,OL,0.16,0.0,0.0,0.0,0.0,0.16,0.35,0.95,2
Isaia Glass,CAR,OL,OL,0.16,0.0,0.0,0.0,0.0,0.16,0.35,0.1,0
Anthony Belton,GB,OL,OL,0.16,0.0,0.0,0.0,0.0,0.16,0.35,0.0,1
Jackson Slater,TEN,OL,OL,0.16,0.0,0.0,0.0,0.0,0.16,0.35,0.0,1
Will Putnam,LV,OL,OL,0.16,0.0,0.0,0.0,0.0,0.16,0.35,0.0,2
Wyatt Milum,JAX,OL,OL,0.16,0.0,0.0,0.0,0.0,0.16,0.35,0.0,1
Alaric Jackson,LA,OL,OL,0.16,0.0,0.0,0.0,0.0,0.16,0.35,0.0,5
Atonio Mafi,LV,OL,OL,0.16,0.0,0.0,0.0,0.0,0.16,0.35,0.0,3
Fred Johnson,PHI,OL,OL,0.16,0.0,0.0,0.0,0.0,0.16,0.35,0.0,7
Stone Forsythe,CAR,OL,OL,0.16,0.0,0.0,0.0,0.0,0.16,0.35,0.0,5
KT Leveston,CLE,OL,OL,0.16,0.0,0.0,0.0,0.0,0.16,0.35,0.0,2
Dalton Cooper,GB,OL,OL,0.16,0.0,0.0,0.0,0.0,0.16,0.35,0.0,1
Charles Cross,SEA,OL,OL,0.16,0.0,0.0,0.0,0.0,0.16,0.35,0.95,4
Brandon Parker,SF,OL,OL,0.16,0.0,0.0,0.0,0.0,0.16,0.35,0.15,8
Jordan McFadden,CHI,OL,OL,0.16,0.0,0.0,0.0,0.0,0.16,0.35,0.0,3
Paris Johnson Jr.,ARI,OL,OL,0.16,0.0,0.0,0.0,0.0,0.16,0.35,0.0,3
Kohl Levao,NYJ,OL,OL,0.16,0.0,0.0,0.0,0.0,0.16,0.35,0.0,4
Dan Moore Jr.,TEN,OL,OL,0.16,0.0,0.0,0.0,0.0,0.16,0.35,0.0,5
Ryan Van Demark,MIN,OL,OL,0.16,0.0,0.0,0.0,0.0,0.16,0.35,0.0,4
Javon Foster,CIN,OL,OL,0.16,0.0,0.0,0.0,0.0,0.16,0.35,0.0,2
Colton McKivitz,SF,OL,OL,0.16,0.0,0.0,0.0,0.0,0.16,0.35,0.1,6
Chandler Zavala,CAR,OL,OL,0.16,0.0,0.0,0.0,0.0,0.16,0.35,0.0,3
Donovan Jackson,MIN,OL,OL,0.16,0.0,0.0,0.0,0.0,0.16,0.35,0.0,1
Kion Smith,MIA,OL,OL,0.16,0.0,0.0,0.0,0.0,0.16,0.35,0.0,5
Dawand Jones,CLE,OL,OL,0.16,0.0,0.0,0.0,0.0,0.16,0.35,0.0,3
Luke Newman,CHI,OL,OL,0.16,0.0,0.0,0.0,0.0,0.16,0.35,0.0,1
C.J. Hanson,KC,OL,OL,0.16,0.0,0.0,0.0,0.0,0.16,0.35,0.0,2
Elijah Wilkinson,ARI,OL,OL,0.16,0.0,0.0,0.0,0.0,0.16,0.35,0.0,9
Benjamin Chukwuma,TB,OL,OL,0.16,0.0,0.0,0.0,0.0,0.16,0.35,0.0,1
Andrew Stueber,ATL,OL,OL,0.16,0.0,0.0,0.0,0.0,0.16,0.35,0.0,4
Mike McGlinchey,DEN,OL,OL,0.16,0.0,0.0,0.0,0.0,0.16,0.35,0.0,8
Alex Wollschlaeger,NO,OL,OL,0.16,0.0,0.0,0.0,0.0,0.16,0.35,0.0,0
Jon Runyan,NYG,OL,OL,0.16,0.0,0.0,0.0,0.0,0.16,0.35,0.0,6
Isaiah World,LAC,OL,OL,0.16,0.0,0.0,0.0,0.0,0.16,0.35,0.1,0
Logan Taylor,LAC,OL,OL,0.16,0.0,0.0,0.0,0.0,0.16,0.35,0.0,0
Ben Bartch,DET,OL,OL,0.16,0.0,0.0,0.0,0.0,0.16,0.35,0.0,6
Carter Warren,MIA,OL,OL,0.16,0.0,0.0,0.0,0.0,0.16,0.35,0.0,3
Tyler Steen,PHI,OL,OL,0.16,0.0,0.0,0.0,0.0,0.16,0.35,0.0,3
Travis Glover,GB,OL,OL,0.16,0.0,0.0,0.0,0.0,0.16,0.35,0.0,2
Luke Fortner,CAR,OL,OL,0.16,0.0,0.0,0.0,0.0,0.16,0.35,0.0,4
Josh Gesky,GB,OL,OL,0.16,0.0,0.0,0.0,0.0,0.16,0.35,0.0,0
Layden Robinson,ATL,OL,OL,0.16,0.0,0.0,0.0,0.0,0.16,0.35,0.0,2
Malaesala Aumavae-Laulu,WAS,OL,OL,0.16,0.0,0.0,0.0,0.0,0.16,0.35,0.0,3
Anton Harrison,JAX,OL,OL,0.16,0.0,0.0,0.0,0.0,0.16,0.35,0.0,3
Nick Gargiulo,DEN,OL,OL,0.16,0.0,0.0,0.0,0.0,0.16,0.35,0.0,2
Courtland Ford,NYJ,OL,OL,0.16,0.0,0.0,0.0,0.0,0.16,0.35,0.0,0
Tyler Linderbaum,LV,OL,OL,0.16,0.0,0.0,0.0,0.0,0.16,0.35,0.0,4
Karsen Barnhart,GB,OL,OL,0.16,0.0,0.0,0.0,0.0,0.16,0.35,0.0,2
Bobby Hart,SEA,OL,OL,0.16,0.0,0.0,0.0,0.0,0.16,0.35,0.95,11
Corey Bullock,BAL,OL,OL,0.16,0.0,0.0,0.0,0.0,0.16,0.35,0.0,2
Emmanuel Pregnon,JAX,OL,OL,0.16,0.0,0.0,0.0,0.0,0.16,0.35,0.0,0
Dylan Barrett,GB,OL,OL,0.16,0.0,0.0,0.0,0.0,0.16,0.35,0.0,0
Olu Oluwatimi,SEA,OL,OL,0.16,0.0,0.0,0.0,0.0,0.16,0.35,0.95,3
Trystan Colon,JAX,OL,OL,0.16,0.0,0.0,0.0,0.0,0.16,0.35,0.0,6
Liam Fornadel,NYJ,OL,OL,0.16,0.0,0.0,0.0,0.0,0.16,0.35,0.0,4
Coleman Shelton,LA,OL,OL,0.16,0.0,0.0,0.0,0.0,0.16,0.35,0.0,8
Marcus Mbow,NYG,OL,OL,0.16,0.0,0.0,0.0,0.0,0.16,0.35,0.0,1
D.J. Wingfield,DAL,OL,OL,0.16,0.0,0.0,0.0,0.0,0.16,0.35,0.1,0
Austin Corbett,BUF,OL,OL,0.16,0.0,0.0,0.0,0.0,0.16,0.35,0.15,8
Cole Van Lanen,JAX,OL,OL,0.16,0.0,0.0,0.0,0.0,0.16,0.35,0.0,5
Aiden Williams,PIT,OL,OL,0.16,0.0,0.0,0.0,0.0,0.16,0.35,0.0,1
Austin Barber,CLE,OL,OL,0.16,0.0,0.0,0.0,0.0,0.16,0.35,0.0,0
Jimmy Morrissey,IND,OL,OL,0.16,0.0,0.0,0.0,0.0,0.16,0.35,0.0,5
Will Campbell,NE,OL,OL,0.16,0.0,0.0,0.0,0.0,0.16,0.35,0.0,1
Graham Barton,TB,OL,OL,0.16,0.0,0.0,0.0,0.0,0.16,0.35,0.0,2
Chukwuma Okorafor,NYJ,OL,OL,0.16,0.0,0.0,0.0,0.0,0.16,0.35,0.0,8
Saahdiq Charles,CAR,OL,OL,0.16,0.0,0.0,0.0,0.0,0.16,0.35,0.0,6
Isaiah Adams,ARI,OL,OL,0.16,0.0,0.0,0.0,0.0,0.16,0.35,0.0,2
Josh Simmons,KC,OL,OL,0.16,0.0,0.0,0.0,0.0,0.16,0.35,0.0,1
Elgton Jenkins,CLE,OL,OL,0.16,0.0,0.0,0.0,0.0,0.16,0.35,0.0,7
Evan Neal,NYG,OL,OL,0.16,0.0,0.0,0.0,0.0,0.16,0.35,0.0,4
Bruno Fina,BUF,OL,OL,0.16,0.0,0.0,0.0,0.0,0.16,0.35,0.1,0
Kyle Hinton,ATL,OL,OL,0.16,0.0,0.0,0.0,0.0,0.16,0.35,0.0,6
Jake Andrews,HOU,OL,OL,0.16,0.0,0.0,0.0,0.0,0.16,0.35,0.0,3
Taylor Moton,CAR,OL,OL,0.16,0.0,0.0,0.0,0.0,0.16,0.35,0.0,9
Jack Nelson,ATL,OL,OL,0.16,0.0,0.0,0.0,0.0,0.16,0.35,0.0,1
Sam Cosmi,WAS,OL,OL,0.16,0.0,0.0,0.0,0.0,0.16,0.35,0.0,5
Drew Moss,TEN,OL,OL,0.16,0.0,0.0,0.0,0.0,0.16,0.35,0.0,1
Jermaine Eluemunor,NYG,OL,OL,0.16,0.0,0.0,0.0,0.0,0.16,0.35,0.0,9
Carver Willis,SF,OL,OL,0.16,0.0,0.0,0.0,0.0,0.16,0.35,0.0,0
Bryce Henderson,LA,OL,OL,0.16,0.0,0.0,0.0,0.0,0.16,0.35,0.0,0
Amarius Mims,CIN,OL,OL,0.16,0.0,0.0,0.0,0.0,0.16,0.35,0.0,2
JonDarius Morgan,NE,OL,OL,0.16,0.0,0.0,0.0,0.0,0.16,0.35,0.0,0
Jake Brendel,SF,OL,OL,0.16,0.0,0.0,0.0,0.0,0.16,0.35,0.0,10
Josh Sills,IND,OL,OL,0.16,0.0,0.0,0.0,0.0,0.16,0.35,0.0,4
Kyle Hergel,CHI,OL,OL,0.16,0.0,0.0,0.0,0.0,0.16,0.35,0.0,2
Izavion Miller,CLE,OL,OL,0.16,0.0,0.0,0.0,0.0,0.16,0.35,0.0,0
Anthony Bradford,SEA,OL,OL,0.16,0.0,0.0,0.0,0.0,0.16,0.35,0.95,3
Bryce Cabeldue,SEA,OL,OL,0.16,0.0,0.0,0.0,0.0,0.16,0.35,0.15,1
Billy Schrauth,TB,OL,OL,0.16,0.0,0.0,0.0,0.0,0.16,0.35,0.0,0
John Michael Schmitz,NYG,OL,OL,0.16,0.0,0.0,0.0,0.0,0.16,0.35,0.0,3
Miles Frazier,DET,OL,OL,0.16,0.0,0.0,0.0,0.0,0.16,0.35,0.0,1
Brandon Walton,ATL,OL,OL,0.16,0.0,0.0,0.0,0.0,0.16,0.35,0.0,6
Nick Dawkins,BAL,OL,OL,0.16,0.0,0.0,0.0,0.0,0.16,0.35,0.0,0
Beau Stephens,SEA,OL,OL,0.16,0.0,0.0,0.0,0.0,0.16,0.35,0.1,0
Tate Ratledge,DET,OL,OL,0.16,0.0,0.0,0.0,0.0,0.16,0.35,0.0,1
Xavier Newman-Johnson,NYJ,OL,OL,0.16,0.0,0.0,0.0,0.0,0.16,0.35,0.0,4
Ryan McCollum,PIT,OL,OL,0.16,0.0,0.0,0.0,0.0,0.16,0.35,0.0,5
Diego Pounds,BAL,OL,OL,0.16,0.0,0.0,0.0,0.0,0.16,0.35,0.0,0
Braden Smith,HOU,OL,OL,0.16,0.0,0.0,0.0,0.0,0.16,0.35,0.0,8
Matt Waletzko,KC,OL,OL,0.16,0.0,0.0,0.0,0.0,0.16,0.35,0.0,4
Delby Lemieux,MIN,OL,OL,0.16,0.0,0.0,0.0,0.0,0.16,0.35,0.0,0
Matt Goncalves,IND,OL,OL,0.16,0.0,0.0,0.0,0.0,0.16,0.35,0.0,2
Ben Brown,NE,OL,OL,0.16,0.0,0.0,0.0,0.0,0.16,0.35,0.0,4
Ben Powers,DEN,OL,OL,0.16,0.0,0.0,0.0,0.0,0.16,0.35,0.0,7
Kiran Amegadjie,CHI,OL,OL,0.16,0.0,0.0,0.0,0.0,0.16,0.35,0.0,2
Demontrey Jacobs,ARI,OL,OL,0.16,0.0,0.0,0.0,0.0,0.16,0.35,0.0,3
Derrick Graham,HOU,OL,OL,0.16,0.0,0.0,0.0,0.0,0.16,0.35,0.0,0
Ben Cleveland,LAC,OL,OL,0.16,0.0,0.0,0.0,0.0,0.16,0.35,0.0,5
Esa Pole,KC,OL,OL,0.16,0.0,0.0,0.0,0.0,0.16,0.35,0.0,1
Luke Wattenberg,DEN,OL,OL,0.16,0.0,0.0,0.0,0.0,0.16,0.35,0.0,4
Caedan Wallace,NE,OL,OL,0.16,0.0,0.0,0.0,0.0,0.16,0.35,0.0,2
Marcellus Johnson,DAL,OL,OL,0.16,0.0,0.0,0.0,0.0,0.16,0.35,0.0,2
Mehki Butler,NE,OL,OL,0.16,0.0,0.0,0.0,0.0,0.16,0.35,0.0,1
Dylan Fairchild,CIN,OL,OL,0.16,0.0,0.0,0.0,0.0,0.16,0.35,0.0,1
Josh Jones,SEA,OL,OL,0.16,0.0,0.0,0.0,0.0,0.16,0.35,0.0,6
Pat Coogan,TEN,OL,OL,0.16,0.0,0.0,0.0,0.0,0.16,0.35,0.0,0
Michael Deiter,DEN,OL,OL,0.16,0.0,0.0,0.0,0.0,0.16,0.35,0.0,7
Jalen Farmer,IND,OL,OL,0.16,0.0,0.0,0.0,0.0,0.16,0.35,0.0,0
Tylan Grable,BUF,OL,OL,0.16,0.0,0.0,0.0,0.0,0.16,0.35,0.0,2
Caleb Lomu,NE,OL,OL,0.16,0.0,0.0,0.0,0.0,0.16,0.35,0.0,0
Erik McCoy,NO,OL,OL,0.16,0.0,0.0,0.0,0.0,0.16,0.35,0.0,7
Albert Reese,CAR,OL,OL,0.16,0.0,0.0,0.0,0.0,0.16,0.35,0.0,0
Jonah Jackson,CHI,OL,OL,0.16,0.0,0.0,0.0,0.0,0.16,0.35,0.0,6
Josh Conerly Jr.,WAS,OL,OL,0.16,0.0,0.0,0.0,0.0,0.16,0.35,0.0,1
Mike Jordan,PHI,OL,OL,0.16,0.0,0.0,0.0,0.0,0.16,0.35,0.0,7
Jared Wilson,NE,OL,OL,0.16,0.0,0.0,0.0,0.0,0.16,0.35,0.0,1
Cole Strange,LAC,OL,OL,0.16,0.0,0.0,0.0,0.0,0.16,0.35,0.0,4
DJ Glaze,LV,OL,OL,0.16,0.0,0.0,0.0,0.0,0.16,0.35,0.0,2
Alex Harkey,LAC,OL,OL,0.16,0.0,0.0,0.0,0.0,0.16,0.35,0.0,0
Trey Smith,KC,OL,OL,0.16,0.0,0.0,0.0,0.0,0.16,0.35,0.0,5
Zach Thomas,SF,OL,OL,0.16,0.0,0.0,0.0,0.0,0.16,0.35,0.0,4
Tytus Howard,CLE,OL,OL,0.16,0.0,0.0,0.0,0.0,0.16,0.35,0.0,7
Cameron Williams,PHI,OL,OL,0.16,0.0,0.0,0.0,0.0,0.16,0.35,0.0,1
Dylan McMahon,LA,OL,OL,0.16,0.0,0.0,0.0,0.0,0.16,0.35,0.0,2
Nathan Thomas,DAL,OL,OL,0.16,0.0,0.0,0.0,0.0,0.16,0.35,0.0,2
Jake Slaughter,LAC,OL,OL,0.16,0.0,0.0,0.0,0.0,0.16,0.35,0.0,0
Tyler Guyton,DAL,OL,OL,0.16,0.0,0.0,0.0,0.0,0.16,0.35,0.0,2
Ricky Lee,JAX,OL,OL,0.16,0.0,0.0,0.0,0.0,0.16,0.35,0.0,3
Matt Hennessy,DAL,OL,OL,0.16,0.0,0.0,0.0,0.0,0.16,0.35,0.0,6
Nash Jones,DEN,OL,OL,0.16,0.0,0.0,0.0,0.0,0.16,0.35,0.0,1
Francis Mauigoa,NYG,OL,OL,0.16,0.0,0.0,0.0,0.0,0.16,0.35,0.0,0
Justin Pickett,LV,OL,OL,0.16,0.0,0.0,0.0,0.0,0.16,0.35,0.0,0
Abraham Lucas,SEA,OL,OL,0.16,0.0,0.0,0.0,0.0,0.16,0.35,0.0,4
Joe Alt,LAC,OL,OL,0.16,0.0,0.0,0.0,0.0,0.16,0.35,0.0,2
Dalton Risner,CIN,OL,OL,0.16,0.0,0.0,0.0,0.0,0.16,0.35,0.0,7
Chase Bisontis,ARI,OL,OL,0.16,0.0,0.0,0.0,0.0,0.16,0.35,0.0,0
Grey Zabel,SEA,OL,OL,0.16,0.0,0.0,0.0,0.0,0.16,0.35,0.0,1
Jalen Sundell,SEA,OL,OL,0.16,0.0,0.0,0.0,0.0,0.16,0.35,0.0,2
Josh Thompson,KC,OL,OL,0.16,0.0,0.0,0.0,0.0,0.16,0.35,0.0,0
Fernando Carmona,TEN,OL,OL,0.16,0.0,0.0,0.0,0.0,0.16,0.35,0.0,0
Austin Jackson,MIA,OL,OL,0.16,0.0,0.0,0.0,0.0,0.16,0.35,0.0,6
Orlando Brown,CIN,OL,OL,0.16,0.0,0.0,0.0,0.0,0.16,0.35,0.0,8
Morgan Moses,NE,OL,OL,0.16,0.0,0.0,0.0,0.0,0.16,0.35,0.0,12
Da'Metrius Weatherspoon,BUF,OL,OL,0.16,0.0,0.0,0.0,0.0,0.16,0.35,0.0,0
Nick Broeker,BUF,OL,OL,0.16,0.0,0.0,0.0,0.0,0.16,0.35,0.0,3
Micah Morris,PHI,OL,OL,0.16,0.0,0.0,0.0,0.0,0.16,0.35,0.0,0
Walker Little,JAX,OL,OL,0.16,0.0,0.0,0.0,0.0,0.16,0.35,0.0,5
Brett Toth,SF,OL,OL,0.16,0.0,0.0,0.0,0.0,0.16,0.35,0.0,7
Trey Hill,TEN,OL,OL,0.16,0.0,0.0,0.0,0.0,0.16,0.35,0.0,5
Isaiah Jatta,LV,OL,OL,0.16,0.0,0.0,0.0,0.0,0.16,0.35,0.0,0
Ed Ingram,HOU,OL,OL,0.16,0.0,0.0,0.0,0.0,0.16,0.35,0.0,4
Kelvin Banks Jr.,NO,OL,OL,0.16,0.0,0.0,0.0,0.0,0.16,0.35,0.0,1
Lloyd Cushenberry III,BUF,OL,OL,0.16,0.0,0.0,0.0,0.0,0.16,0.35,0.0,6
Rasheed Walker,CAR,OL,OL,0.16,0.0,0.0,0.0,0.0,0.16,0.35,0.0,4
Cooper Beebe,DAL,OL,OL,0.16,0.0,0.0,0.0,0.0,0.16,0.35,0.0,2
Matt Peart,DEN,OL,OL,0.16,0.0,0.0,0.0,0.0,0.16,0.35,0.0,6
Christian Mahogany,DET,OL,OL,0.16,0.0,0.0,0.0,0.0,0.16,0.35,0.0,2
Blake Brandel,MIN,OL,OL,0.16,0.0,0.0,0.0,0.0,0.16,0.35,0.0,6
Liam Brown,CIN,OL,OL,0.16,0.0,0.0,0.0,0.0,0.16,0.35,0.0,0
Matthew Bergeron,ATL,OL,OL,0.16,0.0,0.0,0.0,0.0,0.16,0.35,0.0,3
Amari Kight,SEA,OL,OL,0.16,0.0,0.0,0.0,0.0,0.16,0.35,0.0,1
Henry Lutovsky,TB,OL,OL,0.16,0.0,0.0,0.0,0.0,0.16,0.35,0.0,0
Rasheed Miller,TEN,OL,OL,0.16,0.0,0.0,0.0,0.0,0.16,0.35,0.0,0
Christian Haynes,SEA,OL,OL,0.16,0.0,0.0,0.0,0.0,0.16,0.35,0.0,2
Foster Sarell,WAS,OL,OL,0.16,0.0,0.0,0.0,0.0,0.16,0.35,0.0,5
Landon Dickerson,PHI,OL,OL,0.16,0.0,0.0,0.0,0.0,0.16,0.35,0.0,5
Hunter Nourzad,KC,OL,OL,0.16,0.0,0.0,0.0,0.0,0.16,0.35,0.0,2
Mason Murphy,CHI,OL,OL,0.16,0.0,0.0,0.0,0.0,0.16,0.35,0.0,0
Tomas Rimac,MIN,OL,OL,0.16,0.0,0.0,0.0,0.0,0.16,0.35,0.0,0
Connor McGovern,BUF,OL,OL,0.16,0.0,0.0,0.0,0.0,0.16,0.35,0.0,7
Josh Kaltenberger,LAC,OL,OL,0.16,0.0,0.0,0.0,0.0,0.16,0.35,0.0,1
Jeremiah Wright,NO,OL,OL,0.16,0.0,0.0,0.0,0.0,0.16,0.35,0.0,0
Jared Penning,BAL,OL,OL,0.16,0.0,0.0,0.0,0.0,0.16,0.35,0.0,1
Enrique Cruz,SF,OL,OL,0.16,0.0,0.0,0.0,0.0,0.16,0.35,0.0,0
Mason McCormick,PIT,OL,OL,0.16,0.0,0.0,0.0,0.0,0.16,0.35,0.0,2
Ar'maj Reed-Adams,BUF,OL,OL,0.16,0.0,0.0,0.0,0.0,0.16,0.35,0.0,0
Chuma Edoga,JAX,OL,OL,0.16,0.0,0.0,0.0,0.0,0.16,0.35,0.0,7
Kevin Dotson,LA,OL,OL,0.16,0.0,0.0,0.0,0.0,0.16,0.35,0.0,6
TJ Bass,DAL,OL,OL,0.16,0.0,0.0,0.0,0.0,0.16,0.35,0.0,3
Aaron Banks,GB,OL,OL,0.16,0.0,0.0,0.0,0.0,0.16,0.35,0.0,5
Dan Feeney,TB,OL,OL,0.16,0.0,0.0,0.0,0.0,0.16,0.35,0.0,9
Brian Parker,CIN,OL,OL,0.16,0.0,0.0,0.0,0.0,0.16,0.35,0.0,0
Jalen Rivers,CIN,OL,OL,0.16,0.0,0.0,0.0,0.0,0.16,0.35,0.0,1
Elijah Klein,TB,OL,OL,0.16,0.0,0.0,0.0,0.0,0.16,0.35,0.0,2
Shiyazh Pete,DAL,OL,OL,0.16,0.0,0.0,0.0,0.0,0.16,0.35,0.0,0
Warren McClendon Jr.,LA,OL,OL,0.16,0.0,0.0,0.0,0.0,0.16,0.35,0.0,3
Dominick Puni,SF,OL,OL,0.16,0.0,0.0,0.0,0.0,0.16,0.35,0.0,2
Damien Lewis,CAR,OL,OL,0.16,0.0,0.0,0.0,0.0,0.16,0.35,0.0,6
Gerad Lichtenhan,BAL,OL,OL,0.16,0.0,0.0,0.0,0.0,0.16,0.35,0.0,1
Kolton Miller,LV,OL,OL,0.16,0.0,0.0,0.0,0.0,0.16,0.35,0.0,8
Josh Priebe,MIA,OL,OL,0.16,0.0,0.0,0.0,0.0,0.16,0.35,0.0,1
Juice Scruggs,DET,OL,OL,0.16,0.0,0.0,0.0,0.0,0.16,0.35,0.0,3
Kevin Cline,MIA,OL,OL,0.16,0.0,0.0,0.0,0.0,0.16,0.35,0.0,0
Charlie Heck,MIA,OL,OL,0.16,0.0,0.0,0.0,0.0,0.16,0.35,0.0,6
Rashawn Slater,LAC,OL,OL,0.16,0.0,0.0,0.0,0.0,0.16,0.35,0.0,5
Will Fries,MIN,OL,OL,0.16,0.0,0.0,0.0,0.0,0.16,0.35,0.0,5
Monroe Freeling,CAR,OL,OL,0.16,0.0,0.0,0.0,0.0,0.16,0.35,0.0,0
Wyatt Bowles,LA,OL,OL,0.16,0.0,0.0,0.0,0.0,0.16,0.35,0.0,1
Jovaughn Gwyn,BAL,OL,OL,0.16,0.0,0.0,0.0,0.0,0.16,0.35,0.0,3
Drew Kendall,PHI,OL,OL,0.16,0.0,0.0,0.0,0.0,0.16,0.35,0.0,1
Ryan Schernecke,NYG,OL,OL,0.16,0.0,0.0,0.0,0.0,0.16,0.35,0.0,0
Alijah Vera-Tucker,NE,OL,OL,0.16,0.0,0.0,0.0,0.0,0.16,0.35,0.0,5
Braxton Jones,CHI,OL,OL,0.16,0.0,0.0,0.0,0.0,0.16,0.35,0.0,4
Jawaan Taylor,ATL,OL,OL,0.16,0.0,0.0,0.0,0.0,0.16,0.35,0.0,7
Marquis Hayes,NYJ,OL,OL,0.16,0.0,0.0,0.0,0.0,0.16,0.35,0.0,4
Ethan Driskell,KC,OL,OL,0.16,0.0,0.0,0.0,0.0,0.16,0.35,0.0,2
Xavier Truss,NO,OL,OL,0.16,0.0,0.0,0.0,0.0,0.16,0.35,0.0,1
Quenton Nelson,IND,OL,OL,0.16,0.0,0.0,0.0,0.0,0.16,0.35,0.0,8
Jordan Morgan,GB,OL,OL,0.16,0.0,0.0,0.0,0.0,0.16,0.35,0.0,2
Zion Johnson,CLE,OL,OL,0.16,0.0,0.0,0.0,0.0,0.16,0.35,0.0,4
Steven Jones,PIT,OL,OL,0.16,0.0,0.0,0.0,0.0,0.16,0.35,0.0,2
Mason Richman,SEA,OL,OL,0.16,0.0,0.0,0.0,0.0,0.16,0.35,0.0,1
Spencer Anderson,PIT,OL,OL,0.16,0.0,0.0,-0.0,0.0,0.16,0.35,0.0,3
Trent Williams,SF,OL,OL,0.16,0.0,0.0,-0.0,0.0,0.16,0.35,0.0,16
Dion Dawkins,BUF,OL,OL,0.16,0.0,0.0,-0.0,0.0,0.16,0.35,0.0,9
Noah Fant,NO,TE,TE,0.16,0.0,0.0,0.01,0.0,0.15,0.5123419701213818,0.4,7
Jaylen Reed,HOU,DB,DB,0.16,0.0,0.0,0.0,0.0,0.16,0.3111111111111111,0.0,1
Rachaad White,WAS,RB,RB,0.16,0.0,-0.16,0.17,0.0,0.14,0.5552996376028991,0.65,4
Jordan Jackson,DEN,DL,DL,0.16,0.0,0.0,0.0,0.04,0.12,0.2258333333333333,0.0,4
Tip Reiman,ARI,TE,TE,0.16,0.0,0.0,0.04,0.0,0.12,0.38588235294117645,0.15,2
Jonathan Garvin,CHI,LB,LB,0.16,0.0,0.0,0.0,0.05,0.11,0.2736011904761905,0.0,6
Garret Wallow,SF,LB,LB,0.16,0.0,0.0,0.0,0.09,0.07,0.16515782256958728,0.0,5
James Williams,TEN,LB,LB,0.16,0.0,0.0,0.0,0.11,0.04,0.10917668269230768,0.0,2
Keaton Mitchell,LAC,RB,RB,0.16,0.0,0.21,-0.09,0.0,0.04,0.15725697379543535,0.0,3
Zaire Barnes,NYG,LB,LB,0.16,0.0,0.0,0.0,0.12,0.04,0.09292929292929293,0.0,3
Nick Hampton,CAR,LB,LB,0.16,0.0,0.0,0.0,0.13,0.03,0.0815950715950716,0.0,3
Elijah Jones,ARI,DB,DB,0.16,0.0,0.0,0.0,0.14,0.02,0.049,0.0,2
Nic Jones,NYG,DB,DB,0.16,0.0,0.0,0.0,0.15,0.01,0.024339250493096643,0.0,3
Sione Vaki,DET,RB,RB,0.16,0.0,-0.04,0.19,0.0,0.0,0.008288770053475936,0.0,2
Laremy Tunsil,WAS,OL,OL,0.15,0.0,0.0,-0.0,0.0,0.16,0.35,0.0,10
Ben Bredeson,TB,OL,OL,0.15,0.0,0.0,-0.01,0.0,0.16,0.35,0.0,6
Jay Toia,DAL,DL,DL,0.15,0.0,0.0,0.0,0.0,0.15,0.278,0.0,1
Taki Taimani,MIN,DL,DL,0.15,0.0,0.0,0.0,0.0,0.15,0.26714285714285707,0.0,2
Tyler Baron,NYJ,DL,DL,0.15,0.0,0.0,0.0,0.01,0.14,0.25,0.0,1
JT Tuimoloau,IND,DL,DL,0.15,0.0,0.0,0.0,0.02,0.13,0.24307692307692308,0.0,1
Junior Colson,LAC,LB,LB,0.15,0.0,0.0,0.0,0.02,0.13,0.3233333333333334,0.0,2
JJ Pegues,LV,DL,DL,0.15,0.0,0.0,0.0,0.02,0.13,0.23555555555555557,0.0,1
Jahfari Harvey,LV,DL,DL,0.15,0.0,0.0,0.0,0.04,0.12,0.21000000000000002,0.0,1
Greg Dulcich,MIA,TE,TE,0.15,0.0,-0.18,0.22,0.0,0.11,0.38172093023255815,0.8,4
Andre Jones Jr.,BUF,DL,DL,0.15,0.0,0.0,0.0,0.04,0.1,0.18910256410256412,0.0,3
Malachi Corley,CLE,WR,WR,0.15,0.0,0.24,-0.16,0.0,0.07,0.2124358974358974,0.0,2
BJ Green II,JAX,DL,DL,0.15,0.0,0.0,0.0,0.09,0.06,0.11133333333333333,0.0,1
Blake Corum,LA,RB,RB,0.15,0.0,0.21,-0.12,0.0,0.06,0.23159926470588232,0.3,2
Phil Mafah,DAL,RB,RB,0.15,0.0,0.12,-0.01,0.0,0.04,0.18,0.1,1
Chazz Surratt,SEA,LB,LB,0.15,0.0,0.0,0.0,0.14,0.02,0.03768627450980391,0.0,5
Shane Buechele,BUF,QB,QB,0.14,-0.31,0.0,0.0,0.0,0.45,0.45,0.0,5
Chimere Dike,TEN,WR,WR,0.14,0.0,-0.22,0.15,0.0,0.21,0.5929411764705882,0.15,1
Jake Matthews,ATL,OL,OL,0.14,0.0,0.0,-0.02,0.0,0.16,0.35,0.0,12
Luke Wypler,CLE,OL,OL,0.14,0.0,0.0,-0.02,0.0,0.16,0.35,0.0,3
Khristian Boyd,NO,DL,DL,0.14,0.0,0.0,0.0,0.0,0.14,0.260625,0.0,2
Cian Slone,LV,LB,LB,0.14,0.0,0.0,0.0,0.0,0.14,0.35,0.45,0
Langston Patterson,DAL,LB,LB,0.14,0.0,0.0,0.0,0.0,0.14,0.35,0.0,0
Jack Dingle,CIN,LB,LB,0.14,0.0,0.0,0.0,0.0,0.14,0.35,0.0,0
Josiah Trotter,TB,LB,LB,0.14,0.0,0.0,0.0,0.0,0.14,0.35,0.0,0
Kam Arnold,KC,LB,LB,0.14,0.0,0.0,0.0,0.0,0.14,0.35,0.2,1
Sonny Styles,WAS,LB,LB,0.14,0.0,0.0,0.0,0.0,0.14,0.35,0.0,0
Malik Verdon,ATL,LB,LB,0.14,0.0,0.0,0.0,0.0,0.14,0.35,0.0,1
Caden Fordham,TB,LB,LB,0.14,0.0,0.0,0.0,0.0,0.14,0.35,0.0,0
Jalen McLeod,JAX,LB,LB,0.14,0.0,0.0,0.0,0.0,0.14,0.35,0.2,1
Shad Banks,TEN,LB,LB,0.14,0.0,0.0,0.0,0.0,0.14,0.35,0.0,0
David Bailey,NYJ,LB,LB,0.14,0.0,0.0,0.0,0.0,0.14,0.35,0.0,0
Dasan McCullough,DEN,LB,LB,0.14,0.0,0.0,0.0,0.0,0.14,0.35,0.0,0
Darryl Peterson,LA,LB,LB,0.14,0.0,0.0,0.0,0.0,0.14,0.35,0.0,0
Stephen Dix,ARI,LB,LB,0.14,0.0,0.0,0.0,0.0,0.14,0.35,0.0,0
Liam Anderson,CIN,LB,LB,0.14,0.0,0.0,0.0,0.0,0.14,0.35,0.0,3
Arvell Reese,NYG,LB,LB,0.14,0.0,0.0,0.0,0.0,0.14,0.35,0.0,0
Christian Thomas,LV,LB,LB,0.14,0.0,0.0,0.0,0.0,0.14,0.35,0.2,0
Taurean York,DEN,LB,LB,0.14,0.0,0.0,0.0,0.0,0.14,0.35,0.0,0
Aiden Fisher,HOU,LB,LB,0.14,0.0,0.0,0.0,0.0,0.14,0.35,0.0,0
Jaishawn Barham,DAL,LB,LB,0.14,0.0,0.0,0.0,0.0,0.14,0.35,0.0,0
Cameron Robertson,ARI,LB,LB,0.14,0.0,0.0,0.0,0.0,0.14,0.35,0.0,0
Zion Young,BAL,LB,LB,0.14,0.0,0.0,0.0,0.0,0.14,0.35,0.0,0
Red Murdock,DEN,LB,LB,0.14,0.0,0.0,0.0,0.0,0.14,0.35,0.0,0
Jackson Kuwatch,CAR,LB,LB,0.14,0.0,0.0,0.0,0.0,0.14,0.35,0.0,0
Reid Williford,BAL,LB,LB,0.14,0.0,0.0,0.0,0.0,0.14,0.35,0.0,0
T.J. Parker,BUF,LB,LB,0.14,0.0,0.0,0.0,0.0,0.14,0.35,0.0,0
Rueben Bain,TB,LB,LB,0.14,0.0,0.0,0.0,0.0,0.14,0.35,0.0,0
Nikhai Hill-Green,LA,LB,LB,0.14,0.0,0.0,0.0,0.0,0.14,0.35,0.0,0
C.J. Allen,IND,LB,LB,0.14,0.0,0.0,0.0,0.0,0.14,0.35,0.75,0
Kendal Daniels,ATL,LB,LB,0.14,0.0,0.0,0.0,0.0,0.14,0.35,0.0,0
Erick Hunter,DET,LB,LB,0.14,0.0,0.0,0.0,0.0,0.14,0.35,0.0,0
K.C. Ossai,HOU,LB,LB,0.14,0.0,0.0,0.0,0.0,0.14,0.35,0.0,1
Xavian Sorey,LV,LB,LB,0.14,0.0,0.0,0.0,0.0,0.14,0.35,0.0,0
Jared Bartlett,CAR,LB,LB,0.14,0.0,0.0,0.0,0.0,0.14,0.35,0.0,1
Reid Carrico,CLE,LB,LB,0.14,0.0,0.0,0.0,0.0,0.14,0.35,0.0,0
Jaden Keller,NYJ,LB,LB,0.14,0.0,0.0,0.0,0.0,0.14,0.35,0.0,0
Deontae Lawson,PHI,LB,LB,0.14,0.0,0.0,0.0,0.0,0.14,0.35,0.0,0
Jacob Rodriguez,MIA,LB,LB,0.14,0.0,0.0,0.0,0.0,0.14,0.35,0.0,0
Keyshawn James-Newby,PHI,LB,LB,0.14,0.0,0.0,0.0,0.0,0.14,0.35,0.0,0
Bryce Boettcher,IND,LB,LB,0.14,0.0,0.0,0.0,0.0,0.14,0.35,0.45,0
Jimmy Rolder,DET,LB,LB,0.14,0.0,0.0,0.0,0.0,0.14,0.35,0.0,0
Keyshaun Elliott,CHI,LB,LB,0.14,0.0,0.0,0.0,0.0,0.14,0.35,0.0,0
Jaden Dugger,SF,LB,LB,0.14,0.0,0.0,0.0,0.0,0.14,0.35,0.0,0
Parker Hughes,JAX,LB,LB,0.14,0.0,0.0,0.0,0.0,0.14,0.35,0.0,0
Akheem Mesidor,LAC,LB,LB,0.14,0.0,0.0,0.0,0.0,0.14,0.35,0.0,0
Anthony Hill,TEN,LB,LB,0.14,0.0,0.0,0.0,0.0,0.14,0.35,0.0,0
Emany Johnson,LAC,LB,LB,0.14,0.0,0.0,0.0,0.0,0.14,0.35,0.0,2
Javin Wright,TB,LB,LB,0.14,0.0,0.0,0.0,0.0,0.14,0.35,0.0,0
Antwaun Powell-Ryland,CIN,LB,LB,0.14,0.0,0.0,0.0,0.0,0.14,0.35,0.0,1
Jimmy Ciarlo,BUF,LB,LB,0.14,0.0,0.0,0.0,0.0,0.14,0.35,0.0,2
Quintayvious Hutchins,NE,LB,LB,0.14,0.0,0.0,0.0,0.0,0.14,0.35,0.0,0
Pooh Paul Jr.,SEA,LB,LB,0.14,0.0,0.0,0.0,0.0,0.14,0.35,0.0,1
David Walker,TB,LB,LB,0.14,0.0,0.0,0.0,0.0,0.14,0.35,0.0,1
Eric Gentry,CIN,LB,LB,0.14,0.0,0.0,0.0,0.0,0.14,0.35,0.0,0
Justin Jefferson,CLE,LB,LB,0.14,0.0,0.0,0.0,0.0,0.14,0.35,0.0,0
Bralen Trice,ATL,LB,LB,0.14,0.0,0.0,0.0,0.0,0.14,0.35,0.0,2
Kaleb Elarms-Orr,BUF,LB,LB,0.14,0.0,0.0,0.0,0.0,0.14,0.35,0.0,0
Lander Barton,LAC,LB,LB,0.14,0.0,0.0,0.0,0.0,0.14,0.35,0.0,0
Namdi Obiazor,NE,LB,LB,0.14,0.0,0.0,0.0,0.0,0.14,0.35,0.0,0
Chase Wilson,NYJ,LB,LB,0.14,0.0,0.0,0.0,0.0,0.14,0.35,0.0,0
Karson Sharar,ARI,LB,LB,0.14,0.0,0.0,0.0,0.0,0.14,0.35,0.0,0
Elliott Brown,ARI,LB,LB,0.14,0.0,0.0,0.0,0.0,0.14,0.35,0.0,2
Keli Lawson,MIN,LB,LB,0.14,0.0,0.0,0.0,0.0,0.14,0.35,0.0,0
Wesley Bissainthe,KC,LB,LB,0.14,0.0,0.0,0.0,0.0,0.14,0.35,0.0,0
Cam'Ron Stewart,MIN,LB,LB,0.14,0.0,0.0,0.0,0.0,0.14,0.35,0.0,0
Sean Brown,TEN,LB,LB,0.14,0.0,0.0,0.0,0.0,0.14,0.35,0.0,0
Harold Perkins,ATL,LB,LB,0.14,0.0,0.0,0.0,0.0,0.14,0.35,0.0,0
Daveren Rayner,ATL,LB,LB,0.14,0.0,0.0,0.0,0.0,0.14,0.35,0.0,0
Theron Gaines,BUF,LB,LB,0.14,0.0,0.0,0.0,0.0,0.14,0.35,0.0,0
Jacob Roberts,MIN,LB,LB,0.14,0.0,0.0,0.0,0.0,0.14,0.35,0.0,0
Trey Moore,MIA,LB,LB,0.14,0.0,0.0,0.0,0.0,0.14,0.35,0.0,0
Dorian Mausi,TEN,LB,LB,0.14,0.0,0.0,0.0,0.0,0.14,0.35,0.0,1
Garmon Randolph,LAC,LB,LB,0.14,0.0,0.0,0.0,0.0,0.14,0.35,0.0,1
Khalil Jacobs,NE,LB,LB,0.14,0.0,0.0,0.0,0.0,0.14,0.35,0.0,0
Dominic DeLuca,BAL,LB,LB,0.14,0.0,0.0,0.0,0.0,0.14,0.35,0.0,0
Jake Golday,MIN,LB,LB,0.14,0.0,0.0,0.0,0.0,0.14,0.35,0.0,0
Wayne Matthews,CHI,LB,LB,0.14,0.0,0.0,0.0,0.0,0.14,0.35,0.0,0
Jack Kelly,NYG,LB,LB,0.14,0.0,0.0,0.0,0.0,0.14,0.35,0.0,0
Mani Powell,TEN,LB,LB,0.14,0.0,0.0,0.0,0.0,0.14,0.35,0.0,0
Devin Veresuk,IND,LB,LB,0.14,0.0,0.0,0.0,0.0,0.14,0.35,0.2,0
Trace Ford,NYG,LB,LB,0.14,0.0,0.0,0.0,0.0,0.14,0.35,0.0,1
Tahj Chambers,IND,LB,LB,0.14,0.0,0.0,0.0,0.0,0.14,0.35,0.0,0
West Weeks,IND,LB,LB,0.14,0.0,0.0,0.0,0.0,0.14,0.35,0.0,0
Joshua Josephs,WAS,LB,LB,0.14,0.0,0.0,0.0,0.0,0.14,0.35,0.0,0
Bangally Kamara,MIN,LB,LB,0.14,0.0,0.0,0.0,0.0,0.14,0.35,0.0,0
Wade Woodaz,HOU,LB,LB,0.14,0.0,0.0,0.0,0.0,0.14,0.35,0.0,0
Kyle Louis,MIA,LB,LB,0.14,0.0,0.0,0.0,0.0,0.14,0.35,0.0,0
T.J. Quinn,GB,LB,LB,0.14,0.0,0.0,0.0,0.0,0.14,0.35,0.0,0
Matthew Butler,MIA,DL,DL,0.14,0.0,0.0,0.0,0.01,0.12,0.22226467331118488,0.0,4
Theo Wease Jr.,MIA,WR,WR,0.14,0.0,0.0,0.03,0.0,0.11,0.3233333333333333,0.0,1
Jaylin Noel,HOU,WR,WR,0.14,0.0,-0.21,0.26,0.0,0.08,0.2415789473684211,0.0,1
Jay Ward,MIN,DB,DB,0.14,0.0,0.0,0.0,0.08,0.07,0.1380392156862745,0.0,3
Zaire Mitchell-Paden,NO,TE,TE,0.14,0.0,0.0,0.07,0.0,0.07,0.22875000000000004,0.0,4
Teagan Quitoriano,ARI,TE,TE,0.14,0.0,0.0,0.07,0.0,0.07,0.22743795192495603,0.0,4
Nehemiah Pritchett,SEA,DB,DB,0.14,0.0,0.0,0.0,0.07,0.06,0.1280625,0.0,2
Marcelino McCrary-Ball,NYJ,LB,LB,0.14,0.0,0.0,0.0,0.07,0.06,0.15692307692307692,0.0,4
D'Angelo Ross,CLE,DB,DB,0.14,0.0,0.0,0.0,0.08,0.06,0.11747154471544716,0.0,7
Tim Jones,JAX,WR,WR,0.14,0.0,0.0,0.09,0.0,0.05,0.14168982648138814,0.0,5
Will Mallory,IND,TE,TE,0.14,0.0,0.0,0.1,0.0,0.04,0.1476068376068376,0.0,3
Jeremiah Trotter Jr.,PHI,LB,LB,0.14,0.0,0.0,0.0,0.11,0.03,0.08081349206349206,0.0,2
Jalen Virgil,BUF,WR,WR,0.14,0.0,0.0,0.1,0.0,0.03,0.08972222222222222,0.0,4
Will Shipley,PHI,RB,RB,0.14,0.0,-0.26,-0.16,0.53,0.02,0.09523437500000002,0.65,2
Cedrick Wilson Jr.,DET,WR,WR,0.13,0.06,0.03,-0.1,0.0,0.14,0.39708447712418304,0.0,8
Dennis Houston,TB,WR,WR,0.13,0.0,0.0,-0.03,0.0,0.16,0.45499999999999996,0.0,4
Bernhard Raimann,IND,OL,OL,0.13,0.0,0.0,-0.03,0.0,0.16,0.35,0.0,4
Drake Dabney,GB,TE,TE,0.13,0.0,0.0,-0.02,0.0,0.15,0.515,0.0,1
Penei Sewell,DET,OL,OL,0.13,-0.03,0.0,0.0,0.0,0.16,0.35,0.0,5
Kylen Granson,TEN,TE,TE,0.13,0.0,0.08,-0.05,0.0,0.1,0.33416597955421473,0.15,5
Chris Manhertz,NYG,TE,TE,0.13,0.0,0.0,0.05,0.0,0.08,0.2656621087031304,0.15,11
Tyler Allgeier,ARI,RB,RB,0.13,0.0,-0.12,0.17,0.0,0.08,0.3100341997264022,0.3,4
Claudin Cherelus,CAR,LB,LB,0.13,0.0,0.0,0.0,0.06,0.07,0.18356344510190664,0.0,3
Simi Fehoko,ARI,WR,WR,0.13,0.0,0.0,0.07,0.0,0.06,0.16549629629629628,0.0,5
Caleb Murphy,NYG,LB,LB,0.13,0.0,0.0,0.0,0.07,0.05,0.13485470085470083,0.0,3
Charles Woods,NE,DB,DB,0.13,0.0,0.0,0.0,0.09,0.04,0.08588815789473683,0.0,2
Mac McWilliams,PHI,DB,DB,0.13,0.0,0.0,0.0,0.09,0.04,0.07166666666666667,0.0,1
Josh Blackwell,CHI,DB,DB,0.13,0.0,0.0,0.0,0.11,0.02,0.04369972640218878,0.0,4
Siran Neal,SF,DB,DB,0.13,0.0,0.0,0.0,0.12,0.02,0.032539769904062994,0.0,8
Sam Ehlinger,DEN,QB,QB,0.12,-0.17,-0.02,0.0,0.0,0.31,0.3094871794871796,0.0,5
Theo Benedet,CHI,OL,OL,0.12,0.0,0.0,-0.04,0.0,0.16,0.35,0.0,2
Stephen Gosnell,BUF,WR,WR,0.12,0.0,0.0,0.0,0.0,0.12,0.35,0.0,1
Luke Floriea,CLE,WR,WR,0.12,0.0,0.0,0.0,0.0,0.12,0.35,0.3,1
Cornelius Johnson,BAL,WR,WR,0.12,0.0,0.0,0.0,0.0,0.12,0.35,0.3,2
Brock Rechsteiner,NO,WR,WR,0.12,0.0,0.0,0.0,0.0,0.12,0.35,0.0,0
Xavier Loyd,KC,WR,WR,0.12,0.0,0.0,0.0,0.0,0.12,0.35,0.3,0
Tru Edwards,LA,WR,WR,0.12,0.0,0.0,0.0,0.0,0.12,0.35,0.15,1
Joseph Manjack,DEN,WR,WR,0.12,0.0,0.0,0.0,0.0,0.12,0.35,0.0,0
Devonte Ross,LAC,WR,WR,0.12,0.0,0.0,0.0,0.0,0.12,0.35,0.3,0
Octavian Smith,BAL,WR,WR,0.12,0.0,0.0,0.0,0.0,0.12,0.35,0.15,0
Jordan Hudson,DAL,WR,WR,0.12,0.0,0.0,0.0,0.0,0.12,0.35,0.0,0
Raylen Sharpe,IND,WR,WR,0.12,0.0,0.0,0.0,0.0,0.12,0.35,0.15,0
Josh Kelly,HOU,WR,WR,0.12,0.0,0.0,0.0,0.0,0.12,0.35,0.0,1
Mac Dalena,BUF,WR,WR,0.12,0.0,0.0,0.0,0.0,0.12,0.35,0.0,1
Dontae Fleming,MIN,WR,WR,0.12,0.0,0.0,0.0,0.0,0.12,0.35,0.3,1
Rashad Rochelle,SEA,WR,WR,0.12,0.0,0.0,0.0,0.0,0.12,0.35,0.0,0
De'Zhaun Stribling,SF,WR,WR,0.12,0.0,0.0,0.0,0.0,0.12,0.35,0.15,0
Anthony Smith,DAL,WR,WR,0.12,0.0,0.0,0.0,0.0,0.12,0.35,0.0,0
Montorie Foster Jr,SEA,WR,WR,0.12,0.0,0.0,0.0,0.0,0.12,0.35,0.0,1
Emmanuel Henderson,SEA,WR,WR,0.12,0.0,0.0,0.0,0.0,0.12,0.35,0.0,0
Tyrone Broden,SEA,WR,WR,0.12,0.0,0.0,0.0,0.0,0.12,0.35,0.0,1
Malik Benson,LV,WR,WR,0.12,0.0,0.0,0.0,0.0,0.12,0.35,0.3,0
Kole Wilson,CLE,WR,WR,0.12,0.0,0.0,0.0,0.0,0.12,0.35,0.15,0
Bryson Green,ARI,WR,WR,0.12,0.0,0.0,0.0,0.0,0.12,0.35,0.3,1
Malick Meiga,CAR,WR,WR,0.12,0.0,0.0,0.0,0.0,0.12,0.35,0.0,0
Skyler Bell,BUF,WR,WR,0.12,0.0,0.0,0.0,0.0,0.12,0.35,0.0,0
Makai Lemon,PHI,WR,WR,0.12,0.0,0.0,0.0,0.0,0.12,0.35,0.0,0
Chris Hilton,WAS,WR,WR,0.12,0.0,0.0,0.0,0.0,0.12,0.35,0.0,0
J.Michael Sturdivant,GB,WR,WR,0.12,0.0,0.0,0.0,0.0,0.12,0.35,0.15,0
Xavier Guillory,BAL,WR,WR,0.12,0.0,0.0,0.0,0.0,0.12,0.35,0.0,1
Dillon Bell,MIN,WR,WR,0.12,0.0,0.0,0.0,0.0,0.12,0.35,0.15,0
Jimmy Kibble,NE,WR,WR,0.12,0.0,0.0,0.0,0.0,0.12,0.35,0.0,0
Jordyn Tyson,NO,WR,WR,0.12,0.0,0.0,0.0,0.0,0.12,0.35,0.0,0
Jonathan Brady,LV,WR,WR,0.12,0.0,0.0,0.0,0.0,0.12,0.35,0.15,0
Jerand Bradley,LAC,WR,WR,0.12,0.0,0.0,0.0,0.0,0.12,0.35,0.15,0
Cortez Braham,BAL,WR,WR,0.12,0.0,0.0,0.0,0.0,0.12,0.35,0.0,0
Eric Rivers,TB,WR,WR,0.12,0.0,0.0,0.0,0.0,0.12,0.35,0.0,0
Colbie Young,CIN,WR,WR,0.12,0.0,0.0,0.0,0.0,0.12,0.35,0.3,0
Josh Cameron,JAX,WR,WR,0.12,0.0,0.0,0.0,0.0,0.12,0.35,0.15,0
Brady Boyd,JAX,WR,WR,0.12,0.0,0.0,0.0,0.0,0.12,0.35,0.0,0
Mante Morrow,LAC,WR,WR,0.12,0.0,0.0,0.0,0.0,0.12,0.35,0.0,0
Michael Wortham,JAX,WR,WR,0.12,0.0,0.0,0.0,0.0,0.12,0.35,0.0,0
Kaden Wetjen,PIT,WR,WR,0.12,0.0,0.0,0.0,0.0,0.12,0.35,0.15,0
Tyren Montgomery,TEN,WR,WR,0.12,0.0,0.0,0.0,0.0,0.12,0.35,0.0,0
Daniel Sobkowicz,HOU,WR,WR,0.12,0.0,0.0,0.0,0.0,0.12,0.35,0.0,0
Jimmy Holiday,KC,WR,WR,0.12,0.0,0.0,0.0,0.0,0.12,0.35,0.15,1
Romello Brinson,DAL,WR,WR,0.12,0.0,0.0,0.0,0.0,0.12,0.35,0.0,0
E.J. Horton,IND,WR,WR,0.12,0.0,0.0,0.0,0.0,0.12,0.35,0.0,0
Dane Key,DEN,WR,WR,0.12,0.0,0.0,0.0,0.0,0.12,0.35,0.0,0
Kendrick Law,DET,WR,WR,0.12,0.0,0.0,0.0,0.0,0.12,0.35,0.0,0
Zavion Thomas,CHI,WR,WR,0.12,0.0,0.0,0.0,0.0,0.12,0.35,0.15,0
Dayton Wade,BAL,WR,WR,0.12,0.0,0.0,0.0,0.0,0.12,0.35,0.0,2
Chase Roberts,LV,WR,WR,0.12,0.0,0.0,0.0,0.0,0.12,0.35,0.0,0
Caleb Douglas,MIA,WR,WR,0.12,0.0,0.0,0.0,0.0,0.12,0.35,0.15,0
Cameron Dorner,NE,WR,WR,0.12,0.0,0.0,0.0,0.0,0.12,0.35,0.0,0
Dohnte Meyers,CIN,WR,WR,0.12,0.0,0.0,0.0,0.0,0.12,0.35,0.15,0
Zachariah Branch,ATL,WR,WR,0.12,0.0,0.0,0.0,0.0,0.12,0.35,0.3,0
Germie Bernard,PIT,WR,WR,0.12,0.0,0.0,0.0,0.0,0.12,0.35,0.0,0
Marcus Sanders,MIN,WR,WR,0.12,0.0,0.0,0.0,0.0,0.12,0.35,0.0,0
Courtney Jackson,TEN,WR,WR,0.12,0.0,0.0,0.0,0.0,0.12,0.35,0.0,1
Ben Nikkel,IND,WR,WR,0.12,0.0,0.0,0.0,0.0,0.12,0.35,0.0,2
Malachi Fields,NYG,WR,WR,0.12,0.0,0.0,0.0,0.0,0.12,0.35,0.0,0
Reggie Virgil,ARI,WR,WR,0.12,0.0,0.0,0.0,0.0,0.12,0.35,0.15,0
Carnell Tate,TEN,WR,WR,0.12,0.0,0.0,0.0,0.0,0.12,0.35,0.0,0
Antonio Williams,WAS,WR,WR,0.12,0.0,0.0,0.0,0.0,0.12,0.35,0.0,0
C.J. Daniels,LA,WR,WR,0.12,0.0,0.0,0.0,0.0,0.12,0.35,0.0,0
Denzel Boston,CLE,WR,WR,0.12,0.0,0.0,0.0,0.0,0.12,0.35,0.0,0
Wesley Grimes,SF,WR,WR,0.12,0.0,0.0,0.0,0.0,0.12,0.35,0.0,0
C.J. Williams,JAX,WR,WR,0.12,0.0,0.0,0.0,0.0,0.12,0.35,0.0,0
Terrill Davis,MIN,WR,WR,0.12,0.0,0.0,0.0,0.0,0.12,0.35,0.0,0
Luke Grimm,LAC,WR,WR,0.12,0.0,0.0,0.0,0.0,0.12,0.35,0.0,1
Cam Ross,DEN,WR,WR,0.12,0.0,0.0,0.0,0.0,0.12,0.35,0.0,0
E.J. Williams,LV,WR,WR,0.12,0.0,0.0,0.0,0.0,0.12,0.35,0.0,0
Harrison Wallace,ARI,WR,WR,0.12,0.0,0.0,0.0,0.0,0.12,0.35,0.0,0
K.C. Concepcion,CLE,WR,WR,0.12,0.0,0.0,0.0,0.0,0.12,0.35,0.0,0
Michael Briscoe,MIN,WR,WR,0.12,0.0,0.0,0.0,0.0,0.12,0.35,0.0,0
Cole Burgess,PIT,WR,WR,0.12,0.0,0.0,0.0,0.0,0.12,0.35,0.0,2
Donaven McCulley,MIA,WR,WR,0.12,0.0,0.0,0.0,0.0,0.12,0.35,0.0,0
Deion Burks,IND,WR,WR,0.12,0.0,0.0,0.0,0.0,0.12,0.35,0.0,0
Ben Patterson,JAX,WR,WR,0.12,0.0,0.0,0.0,0.0,0.12,0.35,0.0,0
Mario Williams,LA,WR,WR,0.12,0.0,0.0,0.0,0.0,0.12,0.35,0.0,1
Lewis Bond,HOU,WR,WR,0.12,0.0,0.0,0.0,0.0,0.12,0.35,0.0,0
Will Pauling,SF,WR,WR,0.12,0.0,0.0,0.0,0.0,0.12,0.35,0.0,0
Keelan Marion,ATL,WR,WR,0.12,0.0,0.0,0.0,0.0,0.12,0.35,0.15,0
Omar Cooper,NYJ,WR,WR,0.12,0.0,0.0,0.0,0.0,0.12,0.35,0.3,0
Jeff Caldwell,KC,WR,WR,0.12,0.0,0.0,0.0,0.0,0.12,0.35,0.0,0
Kevin Coleman,MIA,WR,WR,0.12,0.0,0.0,0.0,0.0,0.12,0.35,0.0,0
Aaron Anderson,CLE,WR,WR,0.12,0.0,0.0,0.0,0.0,0.12,0.35,0.0,0
Jeremiah Webb,NE,WR,WR,0.12,0.0,0.0,0.0,0.0,0.12,0.35,0.0,1
Ted Hurst,TB,WR,WR,0.12,0.0,0.0,0.0,0.0,0.12,0.35,0.0,0
Kyre Duplessis,DET,WR,WR,0.12,0.0,0.0,0.0,0.0,0.12,0.35,0.0,0
Trayvon Rudolph,MIN,WR,WR,0.12,0.0,0.0,0.0,0.0,0.12,0.35,0.0,0
Gee Scott Jr.,NYJ,WR,WR,0.12,0.0,0.0,0.0,0.0,0.12,0.35,0.15,1
Hank Beatty,TEN,WR,WR,0.12,0.0,0.0,0.0,0.0,0.12,0.35,0.0,0
Sincere Brown,LAC,WR,WR,0.12,0.0,0.0,0.0,0.0,0.12,0.35,0.0,0
Damien Alford,NO,WR,WR,0.12,0.0,0.0,0.0,0.0,0.12,0.35,0.0,0
Eli Pancol,IND,WR,WR,0.12,0.0,0.0,0.0,0.0,0.12,0.35,0.0,1
Vinny Anthony,ATL,WR,WR,0.12,0.0,0.0,0.0,0.0,0.12,0.35,0.0,0
Kolbe Katsis,DEN,WR,WR,0.12,0.0,0.0,0.0,0.0,0.12,0.35,0.0,0
Treyvhon Saunders,HOU,WR,WR,0.12,0.0,0.0,0.0,0.0,0.12,0.35,0.0,0
Xavier Johnson,CIN,WR,WR,0.12,0.0,0.0,0.0,0.0,0.12,0.35,0.0,2
Junior Bergen,SF,WR,WR,0.12,0.0,0.0,0.0,0.0,0.12,0.35,0.0,1
Jamaal Pritchett,NYJ,WR,WR,0.12,0.0,0.0,0.0,0.0,0.12,0.35,0.0,1
Ty Pezza,BAL,WR,WR,0.12,0.0,0.0,0.0,0.0,0.12,0.35,0.0,0
Chris Brazzell,CAR,WR,WR,0.12,0.0,0.0,0.0,0.0,0.12,0.35,0.0,0
Jordan Moore,CIN,WR,WR,0.12,0.0,0.0,0.0,0.0,0.12,0.35,0.0,1
Elijah Sarratt,BAL,WR,WR,0.12,0.0,0.0,0.0,0.0,0.12,0.35,0.0,0
Camden Brown,DAL,WR,WR,0.12,0.0,0.0,0.0,0.0,0.12,0.35,0.0,0
Cyrus Allen,KC,WR,WR,0.12,0.0,0.0,0.0,0.0,0.12,0.35,0.0,0
Ja'Kobi Lane,BAL,WR,WR,0.12,0.0,0.0,0.0,0.0,0.12,0.35,0.0,0
Jalen Walthall,NYJ,WR,WR,0.12,0.0,0.0,0.0,0.0,0.12,0.35,0.0,0
Ja'Mori Maclin,BUF,WR,WR,0.12,0.0,0.0,0.0,0.0,0.12,0.35,0.0,0
D.T. Sheffield,NYJ,WR,WR,0.12,0.0,0.0,0.0,0.0,0.12,0.35,0.0,0
Le'Meke Brockington,ATL,WR,WR,0.12,0.0,0.0,0.0,0.0,0.12,0.35,0.0,0
Jaden Bradley,WAS,WR,WR,0.12,0.0,0.0,0.0,0.0,0.12,0.35,0.0,0
Gabriel Benyard,BUF,WR,WR,0.12,0.0,0.0,0.0,0.0,0.12,0.35,0.0,0
Caullin Lacy,NYJ,WR,WR,0.12,0.0,0.0,0.0,0.0,0.12,0.35,0.0,0
Trebor Pena,JAX,WR,WR,0.12,0.0,0.0,0.0,0.0,0.12,0.35,0.0,0
Malik McClain,NYJ,WR,WR,0.12,0.0,0.0,0.0,0.0,0.12,0.35,0.0,0
Nick DeGennaro,NE,WR,WR,0.12,0.0,0.0,0.0,0.0,0.12,0.35,0.0,0
Chris Bell,MIA,WR,WR,0.12,0.0,0.0,0.0,0.0,0.12,0.35,0.0,0
Sahmir Hagans,IND,WR,WR,0.12,0.0,0.0,0.0,0.0,0.12,0.35,0.0,0
Luke Wysong,MIN,WR,WR,0.12,0.0,0.0,0.0,0.0,0.12,0.35,0.0,0
Andrew Armstrong,KC,WR,WR,0.12,0.0,0.0,0.0,0.0,0.12,0.35,0.0,1
Garrett Greene,TB,WR,WR,0.12,0.0,0.0,0.0,0.0,0.12,0.35,0.0,1
Will Sheppard,GB,WR,WR,0.12,0.0,0.0,0.0,0.0,0.12,0.35,0.0,1
Traeshon Holden,DAL,WR,WR,0.12,0.0,0.0,0.0,0.0,0.12,0.35,0.0,1
A.J. Henning,MIA,WR,WR,0.12,0.0,0.0,0.0,0.0,0.12,0.35,0.0,1
Omari Kelly,CHI,WR,WR,0.12,0.0,0.0,0.0,0.0,0.12,0.35,0.0,0
Dean Patterson,TB,WR,WR,0.12,0.0,0.0,0.0,0.0,0.12,0.35,0.0,0
JaQuae Jackson,LAC,WR,WR,0.12,0.0,0.0,0.0,0.0,0.12,0.35,0.0,2
Kyron Hudson,CHI,WR,WR,0.12,0.0,0.0,0.0,0.0,0.12,0.35,0.0,0
Omari Evans,KC,WR,WR,0.12,0.0,0.0,0.0,0.0,0.12,0.35,0.0,0
Noah Thomas,CIN,WR,WR,0.12,0.0,0.0,0.0,0.0,0.12,0.35,0.0,0
Kyle Dixon,NE,WR,WR,0.12,0.0,0.0,0.0,0.0,0.12,0.35,0.0,0
Jaden Smith,DAL,WR,WR,0.12,0.0,0.0,0.0,0.0,0.12,0.35,0.0,1
Ja'Seem Reed,CAR,WR,WR,0.12,0.0,0.0,0.0,0.0,0.12,0.35,0.0,1
Chandler Brayboy,JAX,WR,WR,0.12,0.0,0.0,0.0,0.0,0.12,0.35,0.0,1
Nick Nash,WAS,WR,WR,0.12,0.0,0.0,0.0,0.0,0.12,0.35,0.0,1
Bryce Lance,NO,WR,WR,0.12,0.0,0.0,0.0,0.0,0.12,0.35,0.0,0
Kobe Prentice,CAR,WR,WR,0.12,0.0,0.0,0.0,0.0,0.12,0.35,0.0,0
Jacob De Jesus,KC,WR,WR,0.12,0.0,0.0,0.0,0.0,0.12,0.35,0.0,0
Howard Cross III,CIN,DL,DL,0.12,0.0,0.0,0.0,0.0,0.12,0.215,0.0,1
Brevyn Spann-Ford,DAL,TE,TE,0.12,0.0,0.0,0.05,0.0,0.08,0.25125,0.0,2
Mike Brown,NE,DB,DB,0.12,0.0,0.0,0.0,0.06,0.07,0.1358671530627755,0.0,4
Brycen Tremayne,CAR,WR,WR,0.12,0.0,0.0,0.05,0.0,0.07,0.2009558823529411,0.0,3
Joe Andreessen,BUF,LB,LB,0.12,0.0,0.0,0.0,0.08,0.04,0.10144736842105263,0.0,2
Natrone Brooks,ATL,DB,DB,0.12,0.0,0.0,0.0,0.09,0.03,0.06200980392156862,0.0,3
Sean Tucker,TB,RB,RB,0.12,0.0,0.05,0.03,0.0,0.03,0.11614241967183142,0.1,3
Edefuan Ulofoshio,CLE,LB,LB,0.12,0.0,0.0,0.0,0.09,0.02,0.05357142857142856,0.0,2
Jacob Hummel,HOU,LB,LB,0.12,0.0,0.0,0.0,0.1,0.02,0.038284876578130234,0.0,4
Quez Watkins,PHI,WR,WR,0.11,0.0,-0.07,-0.02,0.0,0.2,0.5641196581196581,0.3,6
Tyler Smith,DAL,OL,OL,0.11,0.0,0.0,-0.05,0.0,0.16,0.35,0.0,4
Jared Wayne,HOU,WR,WR,0.11,0.0,0.0,-0.02,0.0,0.13,0.3715625,0.0,3
Jamari Thrash,CLE,WR,WR,0.11,0.0,0.0,0.01,0.0,0.11,0.30569444444444444,0.0,2
Kyle Kennard,LAC,LB,LB,0.11,0.0,0.0,0.0,0.0,0.11,0.27,0.0,1
Jordan Hancock,BUF,DB,DB,0.11,0.0,0.0,0.0,0.0,0.11,0.21533333333333332,0.0,1
Dean Clark,NYJ,DB,DB,0.11,0.0,0.0,0.0,0.0,0.11,0.2141666666666667,0.0,1
Lucas Krull,DEN,TE,TE,0.11,0.0,0.0,0.02,0.0,0.1,0.31803986710963456,0.0,4
Earnest Brown IV,TEN,DL,DL,0.11,0.0,0.0,0.0,0.02,0.09,0.16817391304347826,0.0,5
Jason Brownlee,KC,WR,WR,0.11,0.0,0.0,0.03,0.0,0.08,0.21580246913580245,0.0,3
Christian Braswell,JAX,DB,DB,0.11,0.0,0.0,0.0,0.04,0.07,0.13857549857549858,0.0,3
Brandon Johnson,PHI,DB,DB,0.11,0.0,0.0,0.0,0.04,0.07,0.14,0.0,1
Austin Ajiake,IND,LB,LB,0.11,0.0,0.0,0.0,0.05,0.06,0.14124999999999996,0.0,3
Bhayshul Tuten,JAX,RB,RB,0.11,0.0,-0.13,0.19,0.0,0.05,0.21625,0.1,1
Xavier Gipson,NYG,WR,WR,0.11,0.0,0.1,-0.04,0.0,0.05,0.1446541693600517,0.0,3
Jordan Watkins,SF,WR,WR,0.11,0.0,0.0,0.08,0.0,0.04,0.1025,0.0,1
Tommy Eichenberg,LV,LB,LB,0.11,0.0,0.0,0.0,0.08,0.03,0.08194327731092438,0.0,2
Jack Cochrane,KC,LB,LB,0.11,0.0,0.0,0.0,0.09,0.02,0.05094482444140447,0.0,4
Kendall Milton,CIN,RB,RB,0.11,0.0,0.1,0.0,0.0,0.01,0.05249999999999999,0.0,2
J.T. Gray,PHI,DB,DB,0.11,0.0,0.0,0.0,0.1,0.01,0.014619747899159664,0.0,8
Dillon Gabriel,CLE,QB,QB,0.1,-0.33,-0.13,0.0,0.0,0.56,0.5619999999999999,0.0,1
Michael Mayer,LV,TE,TE,0.1,0.0,0.0,-0.09,0.0,0.19,0.6380473372781065,0.15,3
Jaylin Lane,WAS,WR,WR,0.1,0.0,0.03,-0.06,0.0,0.13,0.36200000000000004,0.0,1
Mark Redman,LA,TE,TE,0.1,0.0,0.0,0.0,0.0,0.1,0.35,0.0,1
Messiah Swinson,GB,TE,TE,0.1,0.0,0.0,0.0,0.0,0.1,0.35,0.0,2
Jake Briningstool,KC,TE,TE,0.1,0.0,0.0,0.0,0.0,0.1,0.35,0.15,1
Jaren Kanak,TEN,TE,TE,0.1,0.0,0.0,0.0,0.0,0.1,0.35,0.0,0
Jack Endries,CIN,TE,TE,0.1,0.0,0.0,0.0,0.0,0.1,0.35,0.0,0
Joe Royer,CLE,TE,TE,0.1,0.0,0.0,0.0,0.0,0.1,0.35,0.4,0
Qadir Ismail,CHI,TE,TE,0.1,0.0,0.0,0.0,0.0,0.1,0.35,0.15,2
D.J. Rogers,DAL,TE,TE,0.1,0.0,0.0,0.0,0.0,0.1,0.35,0.15,0
Quentin Moore,WAS,TE,TE,0.1,0.0,0.0,0.0,0.0,0.1,0.35,0.0,0
Rivaldo Fairweather,ARI,TE,TE,0.1,0.0,0.0,0.0,0.0,0.1,0.35,0.0,1
Chase Curtis,NYJ,TE,TE,0.1,0.0,0.0,0.0,0.0,0.1,0.35,0.15,0
Dallen Bentley,DEN,TE,TE,0.1,0.0,0.0,0.0,0.0,0.1,0.35,0.0,0
Dan Villari,LA,TE,TE,0.1,0.0,0.0,0.0,0.0,0.1,0.35,0.0,0
Gavin Bartholomew,MIN,TE,TE,0.1,0.0,0.0,0.0,0.0,0.1,0.35,0.15,1
Joel Wilson,TEN,TE,TE,0.1,0.0,0.0,0.0,0.0,0.1,0.35,0.0,3
Oscar Delp,NO,TE,TE,0.1,0.0,0.0,0.0,0.0,0.1,0.35,0.15,0
Layne Pryor,HOU,TE,TE,0.1,0.0,0.0,0.0,0.0,0.1,0.35,0.0,1
Riley Nowakowski,PIT,TE,TE,0.1,0.0,0.0,0.0,0.0,0.1,0.35,0.15,0
Justin Joly,DEN,TE,TE,0.1,0.0,0.0,0.0,0.0,0.1,0.35,0.0,0
Bauer Sharp,TB,TE,TE,0.1,0.0,0.0,0.0,0.0,0.1,0.35,0.0,0
Dae'Quan Wright,PHI,TE,TE,0.1,0.0,0.0,0.0,0.0,0.1,0.35,0.0,0
Zach Horton,DET,TE,TE,0.1,0.0,0.0,0.0,0.0,0.1,0.35,0.15,1
Tanner Koziol,JAX,TE,TE,0.1,0.0,0.0,0.0,0.0,0.1,0.35,0.0,0
Josh Kattus,CIN,TE,TE,0.1,0.0,0.0,0.0,0.0,0.1,0.35,0.0,0
Treyton Welch,NO,TE,TE,0.1,0.0,0.0,0.0,0.0,0.1,0.35,0.0,2
Rohan Jones,LA,TE,TE,0.1,0.0,0.0,0.0,0.0,0.1,0.35,0.0,0
Eli Stowers,PHI,TE,TE,0.1,0.0,0.0,0.0,0.0,0.1,0.35,0.0,0
Johnny Pascuzzi,LAC,TE,TE,0.1,0.0,0.0,0.0,0.0,0.1,0.35,0.0,0
Jack Velling,ATL,TE,TE,0.1,0.0,0.0,0.0,0.0,0.1,0.35,0.15,0
Cody Hardy,NO,TE,TE,0.1,0.0,0.0,0.0,0.0,0.1,0.35,0.0,0
R.J. Maryland,GB,TE,TE,0.1,0.0,0.0,0.0,0.0,0.1,0.35,0.0,0
Will Kacmarek,MIA,TE,TE,0.1,0.0,0.0,0.0,0.0,0.1,0.35,0.4,0
Caleb Lohner,DEN,TE,TE,0.1,0.0,0.0,0.0,0.0,0.1,0.35,0.0,1
Max Klare,LA,TE,TE,0.1,0.0,0.0,0.0,0.0,0.1,0.35,0.0,0
Kenyon Sadiq,NYJ,TE,TE,0.1,0.0,0.0,0.0,0.0,0.1,0.35,0.0,0
Michael Trigg,DAL,TE,TE,0.1,0.0,0.0,0.0,0.0,0.1,0.35,0.0,0
JJ Galbreath,PIT,TE,TE,0.1,0.0,0.0,0.0,0.0,0.1,0.35,0.0,1
Patrick Gurd,LV,TE,TE,0.1,0.0,0.0,0.0,0.0,0.1,0.35,0.0,0
Thomas Gordon,DET,TE,TE,0.1,0.0,0.0,0.0,0.0,0.1,0.35,0.0,1
Khalil Dinkins,SF,TE,TE,0.1,0.0,0.0,0.0,0.0,0.1,0.35,0.0,0
Hayden Large,CHI,TE,TE,0.1,0.0,0.0,0.0,0.0,0.1,0.35,0.0,0
Patrick Herbert,JAX,TE,TE,0.1,0.0,0.0,0.0,0.0,0.1,0.35,0.0,1
Joshua Simon,ATL,TE,TE,0.1,0.0,0.0,0.0,0.0,0.1,0.35,0.0,1
Jameson Geers,ARI,TE,TE,0.1,0.0,0.0,0.0,0.0,0.1,0.35,0.0,0
Lake McRee,PIT,TE,TE,0.1,0.0,0.0,0.0,0.0,0.1,0.35,0.0,0
Matthew Hibner,BAL,TE,TE,0.1,0.0,0.0,0.0,0.0,0.1,0.35,0.15,0
Marlin Klein,HOU,TE,TE,0.1,0.0,0.0,0.0,0.0,0.1,0.35,0.0,0
Josh Cuevas,BAL,TE,TE,0.1,0.0,0.0,0.0,0.0,0.1,0.35,0.0,0
Lance Mason,SEA,TE,TE,0.1,0.0,0.0,0.0,0.0,0.1,0.35,0.15,0
Miles Kitselman,DET,TE,TE,0.1,0.0,0.0,0.0,0.0,0.1,0.35,0.0,0
Ethan Conner,JAX,TE,TE,0.1,0.0,0.0,0.0,0.0,0.1,0.35,0.0,0
Carson Towt,IND,TE,TE,0.1,0.0,0.0,0.0,0.0,0.1,0.35,0.0,0
Tanner Arkin,NE,TE,TE,0.1,0.0,0.0,0.0,0.0,0.1,0.35,0.4,0
Carsen Ryan,CLE,TE,TE,0.1,0.0,0.0,0.0,0.0,0.1,0.35,0.15,0
Nate Boerkircher,JAX,TE,TE,0.1,0.0,0.0,0.0,0.0,0.1,0.35,0.0,0
Evan Svoboda,LAC,TE,TE,0.1,0.0,0.0,0.0,0.0,0.1,0.35,0.0,0
John Michael Gyllenborg,KC,TE,TE,0.1,0.0,0.0,0.0,0.0,0.1,0.35,0.0,0
Tre Watson,KC,TE,TE,0.1,0.0,0.0,0.0,0.0,0.1,0.35,0.0,1
Kenny Fletcher,TB,TE,TE,0.1,0.0,0.0,0.0,0.0,0.1,0.35,0.0,0
Bryson Nesbit,MIN,TE,TE,0.1,0.0,0.0,0.0,0.0,0.1,0.35,0.0,1
Louis Hansen,HOU,TE,TE,0.1,0.0,0.0,0.0,0.0,0.1,0.35,0.0,0
Eli Raridon,NE,TE,TE,0.1,0.0,0.0,0.0,0.0,0.1,0.35,0.15,0
Sai'vion Jones,DEN,DL,DL,0.1,0.0,0.0,0.0,0.0,0.1,0.18666666666666668,0.0,1
Nazir Stackhouse,GB,DL,DL,0.1,0.0,0.0,0.0,0.0,0.1,0.18357142857142858,0.0,1
Keidron Smith,NYJ,DB,DB,0.1,0.0,0.0,0.0,0.0,0.1,0.2016666666666667,0.0,3
Jack Heflin,NYJ,DL,DL,0.1,0.0,0.0,0.0,0.0,0.1,0.17818181818181822,0.0,5
Jack Stoll,CLE,TE,TE,0.1,0.0,0.0,0.01,0.0,0.09,0.2835221892123853,0.0,5
Ainias Smith,CAR,WR,WR,0.1,0.0,0.04,-0.01,0.0,0.07,0.19999999999999998,0.0,2
Brenden Bates,CLE,TE,TE,0.1,0.0,0.0,0.04,0.0,0.06,0.20142857142857143,0.0,2
Chris Rodriguez Jr.,JAX,RB,RB,0.1,0.0,0.17,-0.12,0.0,0.05,0.21752136752136753,0.0,3
Winston Reid,CLE,LB,LB,0.1,0.0,0.0,0.0,0.04,0.05,0.13625000000000004,0.0,2
Michael Burton,CLE,RB,RB,0.1,0.0,-0.03,0.07,0.02,0.03,0.13788004127966977,0.0,11
Elijah Campbell,NYG,DB,DB,0.1,0.0,0.0,0.0,0.07,0.03,0.060616013071895423,0.0,8
Shedrick Jackson,LV,WR,WR,0.1,0.0,-0.04,0.12,0.0,0.03,0.07358024691358024,0.0,3
Zayne Anderson,MIA,DB,DB,0.1,0.0,0.0,0.0,0.08,0.02,0.04387830687830688,0.0,5
Cooper McDonald,KC,LB,LB,0.1,0.0,0.0,0.0,0.08,0.02,0.05352941176470588,0.0,1
Thomas Incoom,CAR,LB,LB,0.1,0.0,0.0,0.0,0.08,0.02,0.045277777777777785,0.0,3
Joe Giles-Harris,CIN,LB,LB,0.1,0.0,0.0,0.0,0.08,0.02,0.04473684210526316,0.0,7
Shaun Dolac,LA,LB,LB,0.1,0.0,0.0,0.0,0.09,0.01,0.03235294117647059,0.0,1
Jarrett Stidham,DEN,QB,QB,0.09,-0.31,-0.02,0.0,0.0,0.42,0.41913178294573644,0.0,7
Juanyeh Thomas,IND,DB,DB,0.09,0.0,0.0,-0.14,0.06,0.16,0.3295413786816502,0.0,4
Garett Bolles,DEN,OL,OL,0.09,0.0,0.0,-0.06,0.0,0.16,0.35,0.0,9
Hjalte Froholdt,ARI,OL,OL,0.09,0.0,0.0,0.0,-0.07,0.16,0.35,0.0,7
Noah Gray,KC,TE,TE,0.09,0.0,-0.2,0.14,0.0,0.16,0.5175629629629629,0.4,5
Phillip Dorsett,LV,WR,WR,0.09,-0.01,-0.01,-0.01,0.0,0.11,0.32230769230769235,0.0,11
Johnny Wilson,PHI,WR,WR,0.09,0.0,0.0,-0.01,0.0,0.1,0.298,0.0,2
Trent Sherfield,BUF,WR,WR,0.09,0.0,0.0,-0.01,0.0,0.09,0.2704521117608837,0.0,8
Tyrek Funderburk,CAR,DB,DB,0.09,0.0,0.0,0.0,-0.01,0.09,0.18571428571428572,0.0,2
Aeneas Peebles,BAL,DL,DL,0.09,0.0,0.0,0.0,0.0,0.09,0.16,0.0,1
Landon Jackson,BUF,DL,DL,0.09,0.0,0.0,0.0,0.0,0.09,0.16,0.0,1
Brock Lampe,NE,RB,RB,0.09,0.0,0.0,0.0,0.0,0.09,0.35,0.1,1
T.J. Harden,CLE,RB,RB,0.09,0.0,0.0,0.0,0.0,0.09,0.35,0.3,0
Jaden Nixon,GB,RB,RB,0.09,0.0,0.0,0.0,0.0,0.09,0.35,0.65,0
Noah Whittington,HOU,RB,RB,0.09,0.0,0.0,0.0,0.0,0.09,0.35,0.65,0
Kaytron Allen,WAS,RB,RB,0.09,0.0,0.0,0.0,0.0,0.09,0.35,0.1,0
Chip Trayanum,NYJ,RB,RB,0.09,0.0,0.0,0.0,0.0,0.09,0.35,0.65,0
Donovan Edwards,MIA,RB,RB,0.09,0.0,0.0,0.0,0.0,0.09,0.35,0.3,1
Jeremiyah Love,ARI,RB,RB,0.09,0.0,0.0,0.0,0.0,0.09,0.35,0.0,0
Lincoln Pare,IND,RB,RB,0.09,0.0,0.0,0.0,0.0,0.09,0.35,0.3,0
Dontae McMillan,BAL,RB,RB,0.09,0.0,0.0,0.0,0.0,0.09,0.35,0.3,0
Emmett Johnson,KC,RB,RB,0.09,0.0,0.0,0.0,0.0,0.09,0.35,0.65,0
Jamal Haynes,CIN,RB,RB,0.09,0.0,0.0,0.0,0.0,0.09,0.35,0.3,0
Cash Jones,ATL,RB,RB,0.09,0.0,0.0,0.0,0.0,0.09,0.35,0.3,0
Kadarius Calloway,TB,RB,RB,0.09,0.0,0.0,0.0,0.0,0.09,0.35,0.3,0
Eli Heidenreich,PIT,RB,RB,0.09,0.0,0.0,0.0,0.0,0.09,0.35,0.3,0
Seth McGowan,IND,RB,RB,0.09,0.0,0.0,0.0,0.0,0.09,0.35,0.1,0
Elijah Tau-Tolliver,BAL,RB,RB,0.09,0.0,0.0,0.0,0.0,0.09,0.35,0.1,0
Jackson Acker,BUF,RB,RB,0.09,0.0,0.0,0.0,0.0,0.09,0.35,0.0,0
Robert Henry,WAS,RB,RB,0.09,0.0,0.0,0.0,0.0,0.09,0.35,0.0,0
Anthony Tyus III,CAR,RB,RB,0.09,0.0,0.0,0.0,0.0,0.09,0.35,0.65,1
Anderson Castle,IND,RB,RB,0.09,0.0,0.0,0.0,0.0,0.09,0.35,0.0,0
Josh Pitsenberger,HOU,RB,RB,0.09,0.0,0.0,0.0,0.0,0.09,0.35,0.3,0
Roman Hemby,LV,RB,RB,0.09,0.0,0.0,0.0,0.0,0.09,0.35,0.65,0
Lucas Scott,BAL,RB,RB,0.09,0.0,0.0,0.0,0.0,0.09,0.35,0.0,1
Dean Connors,LA,RB,RB,0.09,0.0,0.0,0.0,0.0,0.09,0.35,0.1,0
Desmond Reid,BUF,RB,RB,0.09,0.0,0.0,0.0,0.0,0.09,0.35,0.0,0
Kye Robichaux,DET,RB,RB,0.09,0.0,0.0,0.0,0.0,0.09,0.35,0.3,1
C.J. Donaldson,NO,RB,RB,0.09,0.0,0.0,0.0,0.0,0.09,0.35,0.3,0
Max Hurleman,PIT,RB,RB,0.09,0.0,0.0,0.0,0.0,0.09,0.35,0.1,1
E.J. Smith,KC,RB,RB,0.09,0.0,0.0,0.0,0.0,0.09,0.35,0.3,0
Damien Martinez,GB,RB,RB,0.09,0.0,0.0,0.0,0.0,0.09,0.35,0.3,1
Adam Randall,BAL,RB,RB,0.09,0.0,0.0,0.0,0.0,0.09,0.35,0.0,0
Ahmani Marshall,CLE,RB,RB,0.09,0.0,0.0,0.0,0.0,0.09,0.35,0.1,1
Jadarian Price,SEA,RB,RB,0.09,0.0,0.0,0.0,0.0,0.09,0.35,0.65,0
D.J. Herman,MIA,RB,RB,0.09,0.0,0.0,0.0,0.0,0.09,0.35,0.1,0
Lan Larison,NE,RB,RB,0.09,0.0,0.0,0.0,0.0,0.09,0.35,0.0,1
Jabari Small,DET,RB,RB,0.09,0.0,0.0,0.0,0.0,0.09,0.35,0.1,2
Gregory Desrosiers,LAC,RB,RB,0.09,0.0,0.0,0.0,0.0,0.09,0.35,0.1,0
Anthony Hankerson,MIA,RB,RB,0.09,0.0,0.0,0.0,0.0,0.09,0.35,0.0,0
Dominic Richardson,DAL,RB,RB,0.09,0.0,0.0,0.0,0.0,0.09,0.35,0.3,0
Jordan Waters,LA,RB,RB,0.09,0.0,0.0,0.0,0.0,0.09,0.35,0.0,1
Damon Bankston,NYG,RB,RB,0.09,0.0,0.0,0.0,0.0,0.09,0.35,0.65,0
Kentrel Bullock,CIN,RB,RB,0.09,0.0,0.0,0.0,0.0,0.09,0.35,0.1,0
Davon Booth,CLE,RB,RB,0.09,0.0,0.0,0.0,0.0,0.09,0.35,0.0,0
Sam Scott,NYJ,RB,RB,0.09,0.0,0.0,0.0,0.0,0.09,0.35,0.3,0
Coleman Bennett,CHI,RB,RB,0.09,0.0,0.0,0.0,0.0,0.09,0.35,0.1,0
Myles Montgomery,NE,RB,RB,0.09,0.0,0.0,0.0,0.0,0.09,0.35,0.0,0
Mike Washington,LV,RB,RB,0.09,0.0,0.0,0.0,0.0,0.09,0.35,0.3,0
Max Bredeson,MIN,RB,RB,0.09,0.0,0.0,0.0,0.0,0.09,0.35,0.3,0
Demond Claiborne,MIN,RB,RB,0.09,0.0,0.0,0.0,0.0,0.09,0.35,0.1,0
Nicholas Singleton,TEN,RB,RB,0.09,0.0,0.0,0.0,0.0,0.09,0.35,0.65,0
Kaelon Black,SF,RB,RB,0.09,0.0,0.0,0.0,0.0,0.09,0.35,0.3,0
J'mari Taylor,JAX,RB,RB,0.09,0.0,0.0,0.0,0.0,0.09,0.35,0.3,0
Jam Miller,NE,RB,RB,0.09,0.0,0.0,0.0,0.0,0.09,0.35,0.0,0
Kejon Owens,MIN,RB,RB,0.09,0.0,0.0,0.0,0.0,0.09,0.35,0.0,0
Jonah Coleman,DEN,RB,RB,0.09,0.0,0.0,0.0,0.0,0.09,0.35,0.3,0
Miles Davis,CAR,RB,RB,0.09,0.0,0.0,0.0,0.0,0.09,0.35,0.3,0
Jaydn Ott,KC,RB,RB,0.09,0.0,0.0,0.0,0.0,0.09,0.35,0.1,0
Durell Nchami,IND,DL,DL,0.09,0.0,0.0,0.0,0.0,0.09,0.15666666666666665,0.0,3
Ty Hamilton,LA,DL,DL,0.09,0.0,0.0,0.0,0.0,0.09,0.1547058823529412,0.0,1
Micah Robinson,TEN,DB,DB,0.09,0.0,0.0,0.0,0.03,0.06,0.12000000000000001,0.0,1
James Mitchell,CAR,TE,TE,0.09,0.0,0.0,0.03,0.0,0.06,0.2006467331118494,0.0,4
DeMarcco Hellams,ATL,DB,DB,0.09,0.0,0.0,0.0,0.04,0.05,0.10662850729517395,0.0,3
Laquon Treadwell,IND,WR,WR,0.09,0.0,0.0,0.04,0.0,0.05,0.13024021164021163,0.0,10
Owen Pappoe,ARI,LB,LB,0.09,0.0,0.0,0.0,0.05,0.04,0.10263574660633482,0.0,3
Tai Felton,MIN,WR,WR,0.09,0.0,0.0,0.08,0.0,0.02,0.04411764705882353,0.0,1
Trevor Penning,LAC,OL,OL,0.08,0.0,0.0,-0.08,0.0,0.16,0.35,0.0,4
Trey Benson,ARI,RB,RB,0.08,0.0,0.11,-0.12,0.0,0.09,0.36415865384615387,0.1,2
Bralyn Lux,CIN,DB,DB,0.08,0.0,0.0,0.0,0.0,0.08,0.17,0.0,1
Sean Clifford,CIN,QB,QB,0.08,0.01,-0.01,0.0,0.0,0.08,0.08,0.0,3
Jaden Davis,ARI,DB,DB,0.08,0.0,0.0,0.0,0.0,0.08,0.16333333333333336,0.0,2
Cam Jackson,CAR,DL,DL,0.08,0.0,0.0,0.0,0.0,0.08,0.14200000000000002,0.0,1
Kendell Brooks,TEN,DB,DB,0.08,0.0,0.0,0.0,0.0,0.08,0.15568181818181814,0.0,3
Moliki Matavao,NO,TE,TE,0.08,0.0,0.0,0.01,0.0,0.06,0.2133333333333333,0.0,1
Ben Yurosek,MIN,TE,TE,0.08,0.0,0.0,0.03,0.0,0.05,0.16583333333333336,0.0,1
Adisa Isaac,BAL,LB,LB,0.08,0.0,0.0,0.0,0.03,0.05,0.1225,0.0,2
T.J. Tampa,BAL,DB,DB,0.08,0.0,0.0,0.0,0.03,0.05,0.09191176470588235,0.0,2
Kendric Pryor,CIN,WR,WR,0.08,0.0,0.0,0.03,0.0,0.04,0.125,0.0,4
Isaiah Land,DAL,DL,DL,0.08,0.0,0.0,0.0,0.04,0.04,0.07261538461538462,0.0,3
Roschon Johnson,CHI,RB,RB,0.08,0.0,-0.03,0.07,0.0,0.04,0.16194627594627592,0.0,3
Cameron Goode,MIA,LB,LB,0.08,0.0,0.0,0.0,0.05,0.03,0.08239819004524886,0.0,4
Donovan McMillon,CLE,DB,DB,0.08,0.0,0.0,0.0,0.07,0.01,0.022941176470588236,0.0,1
Austin Keys,ARI,LB,LB,0.08,0.0,0.0,0.0,0.08,0.01,0.012727272727272728,0.0,1
JC Latham,TEN,OL,OL,0.07,0.0,0.0,-0.09,0.0,0.16,0.35,0.0,2
Elijah Hicks,CHI,DB,DB,0.07,0.0,0.0,0.0,-0.05,0.12,0.24490359277125787,0.0,4
Terrance Ferguson,LA,TE,TE,0.07,0.0,-0.03,-0.02,0.0,0.11,0.37625000000000003,0.0,1
Kyle Monangai,CHI,RB,RB,0.07,0.0,0.03,-0.06,0.0,0.1,0.4094736842105264,0.3,1
Tavierre Thomas,MIN,DB,DB,0.07,0.0,-0.22,0.0,0.2,0.09,0.18900305010893248,0.0,8
Justice Hill,BAL,RB,RB,0.07,0.0,-0.07,0.04,-0.0,0.1,0.38331851345189244,0.0,7
Danny Stutsman,NO,LB,LB,0.07,0.0,0.0,0.0,0.0,0.07,0.1811764705882353,0.0,1
Fadil Diggs,NO,LB,LB,0.07,0.0,0.0,0.0,0.0,0.07,0.178,0.0,1
Damarion Williams,TB,DB,DB,0.07,0.0,0.0,0.0,0.03,0.04,0.0896103896103896,0.0,4
Jack Westover,NE,RB,RB,0.07,0.0,0.0,0.03,0.0,0.04,0.16482142857142856,0.0,2
Joe Bachie,DET,LB,LB,0.07,0.0,0.0,0.0,0.03,0.04,0.1011604938271605,0.0,6
Kameron Johnson,TB,WR,WR,0.07,0.0,0.06,-0.03,0.0,0.04,0.11016176470588233,0.0,2
Kitan Oladapo,GB,DB,DB,0.07,0.0,0.0,0.0,0.03,0.04,0.07813888888888888,0.0,2
E.J. Jenkins,PHI,TE,TE,0.07,0.0,0.0,0.04,0.0,0.03,0.109375,0.0,3
Britain Covey,PHI,WR,WR,0.07,0.0,0.0,0.03,0.0,0.03,0.09163376978698456,0.0,4
Nick Niemann,GB,LB,LB,0.07,0.0,-0.12,0.0,0.17,0.02,0.04821153646643843,0.0,5
Maema Njongmeta,CAR,LB,LB,0.07,0.0,0.0,0.0,0.07,0.01,0.013051470588235295,0.0,2
Nick Bellore,WAS,LB,LB,0.07,0.0,0.0,0.0,0.07,0.0,0.009913613691090471,0.0,15
Jahan Dotson,ATL,WR,WR,0.06,0.0,0.01,-0.17,0.0,0.22,0.6297357392569432,0.6,4
Connor Colby,SF,OL,OL,0.06,0.0,0.0,-0.1,0.0,0.16,0.35,0.0,1
David Montgomery,HOU,RB,RB,0.06,-0.03,-0.19,0.17,0.0,0.11,0.4402330819507291,0.1,7
Nate Carter,ATL,RB,RB,0.06,0.0,-0.02,0.0,0.0,0.09,0.35,0.1,1
Kobee Minor,NE,DB,DB,0.06,0.0,0.0,0.0,0.0,0.06,0.12999999999999998,0.0,1
Keonta Jenkins,BUF,LB,LB,0.06,0.0,0.0,0.0,0.0,0.06,0.16,0.0,1
Trey Washington,IND,DB,DB,0.06,0.0,0.0,0.0,0.0,0.06,0.1275,0.0,1
Jaylin Smith,HOU,DB,DB,0.06,0.0,0.0,0.0,0.0,0.06,0.1125,0.0,1
Cam'Ron Silmon-Craig,JAX,DB,DB,0.06,0.0,0.0,0.0,0.0,0.06,0.11,0.0,1
Isaiah Foskey,CIN,DL,DL,0.06,0.0,0.0,0.0,0.02,0.04,0.07744042232277527,0.0,3
David Martin-Robinson,TEN,TE,TE,0.06,0.0,0.0,0.02,0.0,0.04,0.13341176470588234,0.0,2
Kahlef Hailassie,MIN,DB,DB,0.06,0.0,0.0,0.0,0.02,0.03,0.0691812865497076,0.0,3
Dareke Young,LV,WR,WR,0.06,0.0,0.0,0.04,0.0,0.02,0.06826688815060909,0.0,4
Dan Chisena,CAR,WR,WR,0.06,0.0,0.0,0.05,0.0,0.02,0.04935016835016835,0.0,6
Tycen Anderson,DEN,DB,DB,0.06,0.0,0.0,0.0,0.04,0.02,0.03288084464555052,0.0,4
Ke'Shawn Williams,CIN,WR,WR,0.06,0.0,0.05,0.0,0.0,0.01,0.035454545454545454,0.0,1
Trevor Etienne,CAR,RB,RB,0.06,0.0,0.08,-0.04,0.0,0.01,0.055000000000000014,0.1,1
Ian Thomas,LV,TE,TE,0.05,0.0,0.0,-0.06,0.0,0.11,0.3687082788671024,0.0,8
Bo Melton,GB,DB,DB,0.05,0.0,0.03,-0.08,0.0,0.1,0.19876068376068373,0.0,4
Sincere McCormick,SF,RB,RB,0.05,0.0,0.03,-0.04,0.0,0.06,0.25999999999999995,0.0,4
Elijah Williams,MIN,DL,DL,0.05,0.0,0.0,0.0,0.0,0.05,0.09714285714285716,0.0,1
Hayden Rucci,SF,TE,TE,0.05,0.0,0.0,0.0,0.0,0.05,0.17,0.0,2
CJ Dippre,NE,TE,TE,0.05,0.0,0.0,0.0,0.0,0.05,0.16,0.0,1
Andrew Farmer,SF,LB,LB,0.05,0.0,0.0,0.0,0.0,0.05,0.11750000000000001,0.0,3
Sanoussi Kane,TEN,DB,DB,0.05,0.0,0.0,0.0,0.0,0.05,0.09196895424836601,0.0,2
Tyreke Smith,KC,LB,LB,0.05,0.0,0.0,0.0,0.0,0.05,0.11333333333333336,0.0,4
Ko Kieft,TB,TE,TE,0.05,0.0,0.0,0.01,0.0,0.04,0.13957364341085274,0.0,4
Cam Grandy,CIN,TE,TE,0.05,0.0,0.0,0.02,0.0,0.03,0.10765624999999998,0.0,2
Chaz Chambliss,MIN,LB,LB,0.05,0.0,0.0,0.0,0.04,0.01,0.03583333333333333,0.0,1
Charlie Jones,CIN,WR,WR,0.05,0.0,0.02,0.02,0.0,0.01,0.039497169497169506,0.0,3
Xavier Legette,CAR,WR,WR,0.04,0.0,-0.07,-0.12,0.0,0.24,0.6750781250000001,0.3,2
Xavier Weaver,ARI,WR,WR,0.04,0.0,0.0,-0.12,0.0,0.15,0.43624999999999997,0.0,2
Charlie Woerner,ATL,TE,TE,0.04,0.0,0.0,-0.08,0.0,0.12,0.4076267973856209,0.0,6
Harrison Bryant,SEA,TE,TE,0.04,0.0,0.02,-0.06,0.0,0.08,0.2744445880916469,0.0,6
Robbie Ouzts,SEA,RB,RB,0.04,0.0,0.0,-0.03,0.0,0.07,0.2676923076923077,0.1,1
Jerrick Reed II,TEN,DB,DB,0.04,0.0,0.0,0.0,0.0,0.04,0.08802564102564103,0.0,3
Bradyn Swinson,NE,LB,LB,0.04,0.0,0.0,0.0,0.0,0.04,0.11,0.0,1
Jose Ramirez,PHI,LB,LB,0.04,0.0,0.0,0.0,0.0,0.04,0.10750000000000001,0.0,3
Ricky White III,SEA,WR,WR,0.04,0.0,0.0,0.0,0.0,0.04,0.12000000000000001,0.0,1
Ennis Rakestraw Jr.,DET,DB,DB,0.04,0.0,0.0,0.0,0.0,0.04,0.08249999999999999,0.0,2
Jared Ivey,SEA,LB,LB,0.04,0.0,0.0,0.0,0.0,0.04,0.1,0.0,1
Kendall Williamson,LAC,DB,DB,0.04,0.0,0.0,0.0,0.0,0.04,0.07503676470588234,0.0,3
Andre Carter II,WAS,LB,LB,0.04,0.0,0.0,0.0,0.01,0.03,0.08153508771929825,0.0,3
Brandon Codrington,HOU,DB,DB,0.04,0.0,0.0,0.0,0.02,0.03,0.056194852941176474,0.0,2
Tyler Batty,MIN,LB,LB,0.04,0.0,0.0,0.0,0.02,0.02,0.05333333333333334,0.0,1
Brennan Jackson,LV,LB,LB,0.04,0.0,0.0,0.0,0.02,0.02,0.04125,0.0,2
Kene Nwangwu,NYJ,RB,RB,0.04,0.0,-0.18,-0.01,0.23,0.01,0.027274971941638606,0.0,5
Drew Sample,CIN,TE,TE,0.03,0.0,-0.15,0.04,0.0,0.15,0.4986013071895425,0.0,7
Skyy Moore,GB,WR,WR,0.03,0.0,0.08,-0.13,0.0,0.08,0.21946144430844552,0.0,4
Tanner Conner,NYG,TE,TE,0.03,0.0,0.0,-0.02,0.0,0.06,0.19323494335122246,0.0,4
Emanuel Wilson,SEA,RB,RB,0.03,0.0,-0.09,0.05,0.0,0.06,0.24413105413105415,0.0,3
Isaiah Davis,NYJ,RB,RB,0.03,0.0,-0.19,0.17,0.0,0.05,0.2125,0.1,2
Nick Jackson,TB,LB,LB,0.03,0.0,0.0,0.0,0.0,0.03,0.08333333333333333,0.0,1
Yasir Abdullah,JAX,LB,LB,0.03,0.0,0.0,0.0,0.0,0.03,0.08035098235098234,0.0,3
Cameron Latu,PHI,TE,TE,0.03,0.0,0.0,0.0,0.0,0.03,0.10437500000000001,0.0,3
Daniel Scott,IND,DB,DB,0.03,0.0,0.0,0.0,0.0,0.03,0.0625,0.0,3
Loren Strickland,DET,DB,DB,0.03,0.0,0.0,0.0,0.0,0.03,0.0625,0.0,2
Cameron McGrone,LV,LB,LB,0.03,0.0,0.0,0.0,0.0,0.03,0.07560077519379846,0.0,5
Ruben Hyppolite II,CHI,LB,LB,0.03,0.0,0.0,0.0,0.0,0.03,0.07,0.0,1
Jaheim Bell,PIT,TE,TE,0.03,0.0,0.0,-0.0,0.0,0.03,0.08600000000000001,0.0,2
Dwight McGlothern,MIN,DB,DB,0.03,0.0,0.0,0.0,0.0,0.02,0.048124999999999994,0.0,2
Nathaniel Watson,CLE,LB,LB,0.03,0.0,0.0,0.0,0.0,0.02,0.05857142857142856,0.0,2
Velus Jones Jr.,SEA,RB,RB,0.03,0.0,-0.02,0.04,0.0,0.02,0.06678294573643412,0.0,4
Jeffrey Bassa,KC,LB,LB,0.03,0.0,0.0,0.0,0.01,0.02,0.04411764705882353,0.0,1
D'Shawn Jamison,PIT,DB,DB,0.03,0.0,0.0,0.0,0.01,0.02,0.033012345679012345,0.0,3
Benton Whitley,CLE,LB,LB,0.03,0.0,0.0,0.0,0.02,0.01,0.02789473684210526,0.0,4
Amar Johnson,LAC,RB,RB,0.03,0.0,0.03,-0.01,0.0,0.01,0.04,0.0,1
Robert Rochell,CAR,DB,DB,0.03,0.0,0.0,0.0,0.02,0.01,0.017008912655971476,0.0,5
Bailey Zappe,NYJ,QB,QB,0.02,-0.65,-0.14,-0.02,0.0,0.83,0.8348695652173913,0.0,4
David Njoku,LAC,TE,TE,0.02,0.0,-0.07,-0.12,0.0,0.21,0.7135660102424808,0.15,9
Nick Kallerup,SEA,TE,TE,0.02,0.0,0.0,-0.04,0.0,0.06,0.2118181818181818,0.0,1
Sean McKeon,IND,TE,TE,0.02,0.0,0.0,-0.02,0.0,0.04,0.13445117845117846,0.0,6
Tejhaun Palmer,ARI,WR,WR,0.02,0.0,0.0,0.0,0.0,0.02,0.07,0.0,2
Daniel Hardy,CHI,DL,DL,0.02,0.0,0.0,0.0,-0.0,0.03,0.046920077972709556,0.0,4
Kamal Hadden,GB,DB,DB,0.02,0.0,0.0,0.0,0.0,0.02,0.04874999999999999,0.0,2
Stephen Carlson,CHI,TE,TE,0.02,0.0,0.0,0.0,0.0,0.02,0.07777777777777777,0.0,7
Dalevon Campbell,LAC,WR,WR,0.02,0.0,0.0,0.0,0.0,0.02,0.065,0.0,1
Jacardia Wright,SEA,RB,RB,0.02,0.0,0.0,0.0,0.0,0.02,0.09,0.0,1
Swayze Bozeman,CIN,LB,LB,0.02,0.0,0.0,0.0,0.0,0.02,0.05666666666666666,0.0,2
LaJohntay Wester,BAL,WR,WR,0.02,0.0,0.0,0.0,0.0,0.02,0.061764705882352944,0.0,1
Chigozie Anusiem,LV,DB,DB,0.02,0.0,0.0,0.0,0.0,0.02,0.04125,0.0,2
Darius Rush,WAS,DB,DB,0.02,0.0,0.0,0.0,0.01,0.02,0.03709401709401709,0.0,3
Jamie Sheriff,SEA,LB,LB,0.02,0.0,0.0,0.0,0.0,0.02,0.048749999999999995,0.0,2
Mohamed Kamara,TB,LB,LB,0.02,0.0,0.0,0.0,0.0,0.02,0.048166666666666656,0.0,2
Bo Richter,MIN,LB,LB,0.02,0.0,0.0,0.0,0.01,0.02,0.04211764705882354,0.0,2
Jack Kiser,JAX,LB,LB,0.02,0.0,0.0,0.0,0.0,0.02,0.047142857142857146,0.0,1
Connor O'Toole,SEA,LB,LB,0.02,0.0,0.0,0.0,0.0,0.02,0.045454545454545456,0.0,1
Jordan James,SF,RB,RB,0.02,0.0,-0.0,0.01,0.0,0.01,0.05600000000000001,0.0,1
Jackson Meeks,DET,WR,WR,0.02,0.0,0.0,0.0,0.0,0.02,0.045000000000000005,0.0,1
Tanner McCalister,KC,DB,DB,0.02,0.0,0.0,0.0,0.0,0.02,0.03070175438596491,0.0,3
Jalen Graham,SF,LB,LB,0.02,0.0,0.0,0.0,0.01,0.01,0.02615384615384615,0.0,3
Frank Gore Jr.,BUF,RB,RB,0.02,0.0,0.0,0.01,0.0,0.01,0.03,0.0,2
Aaron Jones,MIN,RB,RB,0.01,0.0,-0.15,0.01,0.0,0.14,0.5752298055974525,0.65,9
Josh Hayes,TB,DB,DB,0.01,0.0,0.0,0.0,-0.03,0.04,0.08714555052790346,0.0,3
Colton Dowell,SF,WR,WR,0.01,0.0,0.0,-0.02,0.0,0.03,0.08800000000000001,0.0,3
Marcellas Dial Jr.,NE,DB,DB,0.01,0.0,0.0,0.0,-0.02,0.03,0.05235294117647058,0.0,2
Brandon Smith,PIT,WR,WR,0.01,0.0,0.0,0.0,0.0,0.01,0.041875,0.0,5
Jordan Turner,DEN,LB,LB,0.01,0.0,0.0,0.0,0.0,0.01,0.035555555555555556,0.0,1
Isaiah Neyor,GB,WR,WR,0.01,0.0,0.0,0.0,0.0,0.01,0.04,0.0,1
Levelle Bailey,DEN,LB,LB,0.01,0.0,0.0,0.0,0.0,0.01,0.034249999999999996,0.0,2
Branson Combs,JAX,LB,LB,0.01,0.0,0.0,0.0,-0.01,0.02,0.04181818181818182,0.0,1
Jarrick Bernard-Converse,NYG,DB,DB,0.01,0.0,0.0,0.0,0.0,0.01,0.02406135531135531,0.0,3
Cam Jones,NYG,LB,LB,0.01,0.0,0.0,0.0,0.0,0.01,0.029464387464387468,0.0,3
Jarius Monroe,NYJ,DB,DB,0.01,0.0,0.0,0.0,0.0,0.01,0.0235,0.0,2
Zion Childress,DAL,DB,DB,0.01,0.0,0.0,0.0,0.0,0.01,0.023333333333333334,0.0,1
Dalen Cambre,NYG,WR,WR,0.01,0.0,0.0,0.0,0.0,0.01,0.032857142857142856,0.0,1
JL Skinner,DEN,DB,DB,0.01,0.0,0.0,0.0,0.0,0.01,0.022364672364672367,0.0,3
Jammie Robinson,ATL,DB,DB,0.01,0.0,0.0,0.0,0.0,0.01,0.021162393162393163,0.0,3
Rashad Wisdom,TB,DB,DB,0.01,0.0,0.0,0.0,0.0,0.01,0.02,0.0,2
Thomas Fidone II,NYG,TE,TE,0.01,0.0,0.0,0.0,0.0,0.01,0.032857142857142856,0.0,1
Tariq Castro-Fields,PHI,DB,DB,0.01,0.0,0.0,0.0,0.0,0.01,0.01923913043478261,0.0,4
Patrick McMorris,SF,DB,DB,0.01,0.0,0.0,0.0,0.0,0.01,0.016666666666666666,0.0,2
Chris Edmonds,CLE,DB,DB,0.01,0.0,0.0,0.0,0.0,0.01,0.016527777777777777,0.0,2
PJ Jules,CIN,DB,DB,0.01,0.0,0.0,0.0,0.01,0.0,0.009285714285714286,0.0,2
Chance Campbell,PHI,LB,LB,0.01,0.0,0.0,0.0,0.0,0.01,0.0175,0.0,4
Dominic Lovett,DET,WR,WR,0.01,0.0,0.0,0.0,0.0,0.01,0.01833333333333333,0.0,1
Kristian Welch,GB,LB,LB,0.01,0.0,0.0,0.0,0.0,0.01,0.015984204793028325,0.0,6
Myles Price,MIN,WR,WR,0.01,0.0,0.0,0.0,0.0,0.01,0.018125000000000002,0.0,1
Smael Mondon Jr.,PHI,LB,LB,0.01,0.0,0.0,0.0,0.0,0.01,0.015000000000000001,0.0,1
Brenden Rice,GB,WR,WR,0.01,0.0,0.0,0.0,0.0,0.01,0.016666666666666666,0.0,2
Easton Mascarenas-Arnold,CLE,LB,LB,0.01,0.0,0.0,0.0,0.0,0.01,0.01375,0.0,1
Andre' Sam,PHI,DB,DB,0.01,0.0,0.0,0.0,0.0,0.01,0.010937500000000001,0.0,2
Mike Woods,DEN,WR,WR,0.0,0.0,-0.04,-0.2,0.0,0.24,0.6875,0.0,4
Omarion Hampton,LAC,RB,RB,-0.0,0.0,-0.15,0.0,0.0,0.14,0.5740000000000001,0.3,1
Shane Zylstra,BUF,TE,TE,-0.0,0.0,0.0,-0.09,0.0,0.09,0.29501012145748995,0.0,5
Jelani Woods,NYJ,TE,TE,-0.0,0.0,0.0,-0.08,0.0,0.07,0.2459166666666667,0.0,4
Israel Abanikanda,DAL,RB,RB,0.0,0.0,-0.04,-0.0,0.0,0.05,0.19166666666666665,0.0,3
Derius Davis,LAC,WR,WR,0.0,0.0,-0.08,0.03,0.0,0.04,0.126500754147813,0.0,3
Corey Kiner,ARI,RB,RB,0.0,0.0,0.04,-0.07,0.0,0.03,0.1325,0.0,1
Carter Runyon,LV,TE,TE,0.0,0.0,0.0,-0.02,0.0,0.02,0.0623076923076923,0.0,1
Shaka Heyward,CIN,LB,LB,0.0,0.0,0.0,0.0,-0.01,0.02,0.043125000000000004,0.0,3
Art Green,NYG,DB,DB,0.0,0.0,0.0,0.0,-0.01,0.02,0.03083333333333333,0.0,3
Nick Martin,SF,LB,LB,-0.0,0.0,0.0,0.0,-0.01,0.01,0.02857142857142857,0.0,1
British Brooks,HOU,RB,RB,-0.0,0.0,-0.02,0.0,0.0,0.01,0.046867647058823535,0.0,2
Tanner Ingle,LA,DB,DB,0.0,0.0,0.0,0.0,0.0,0.0,0.01,0.0,3
Amari Gainer,NE,LB,LB,0.0,0.0,0.0,0.0,0.0,0.0,0.01,0.0,2
Julius Wood,DAL,DB,DB,0.0,0.0,0.0,0.0,0.0,0.0,0.007777777777777778,0.0,2
Beau Brade,NYG,DB,DB,0.0,0.0,0.0,0.0,0.0,0.0,0.006893939393939393,0.0,2
Gervarrius Owens,CHI,DB,DB,0.0,0.0,0.0,0.0,0.0,0.0,0.006315789473684211,0.0,3
Jay Higgins,BAL,LB,LB,-0.0,0.0,0.0,0.0,-0.01,0.01,0.012727272727272728,0.0,1
John Bullock,TB,LB,LB,0.0,0.0,0.0,0.0,0.0,0.0,0.006,0.0,1
Channing Tindall,ATL,LB,LB,0.0,0.0,0.0,0.0,0.0,0.0,0.005897118537337417,0.0,4
Princeton Fant,DAL,TE,TE,0.0,0.0,0.0,0.0,0.0,0.0,0.006923076923076923,0.0,3
Jaylan Ford,NO,LB,LB,0.0,0.0,0.0,0.0,0.0,0.0,0.004044117647058823,0.0,2
Karene Reid,DEN,LB,LB,0.0,0.0,0.0,0.0,0.0,0.0,0.004,0.0,1
Dante Miller,NYG,RB,RB,0.0,0.0,0.0,0.0,0.0,0.0,0.005,0.1,2
Jon Rhattigan,CHI,LB,LB,0.0,0.0,0.0,0.0,0.0,0.0,0.002454248366013072,0.0,5
Carson Bruener,PIT,LB,LB,0.0,0.0,0.0,0.0,0.0,0.0,0.0011111111111111111,0.0,1
Cody Schrader,DEN,RB,RB,-0.0,0.0,-0.02,0.02,0.0,0.0,0.005624999999999999,0.0,2
Jackson Woodard,MIA,LB,LB,0.0,0.0,0.0,0.0,0.0,0.0,0.0,0.0,1
Cam Lampkin,LA,DB,DB,0.0,0.0,0.0,0.0,0.0,0.0,0.0,0.0,2
Sebastian Castro,PIT,DB,DB,0.0,0.0,0.0,0.0,0.0,0.0,0.0,0.0,1
Jeshaun Jones,MIN,WR,WR,0.0,0.0,0.0,0.0,0.0,0.0,0.0,0.0,2
Reese Taylor,DEN,DB,DB,0.0,0.0,0.0,0.0,0.0,0.0,0.0,0.0,3
Carlos Washington,MIA,RB,RB,0.0,0.0,0.0,0.0,0.0,0.0,0.0,0.0,3
Trevian Thomas,JAX,DB,DB,0.0,0.0,0.0,0.0,0.0,0.0,0.0,0.0,1
Justin Barron,DAL,LB,LB,0.0,0.0,0.0,0.0,0.0,0.0,0.0,0.0,1
Jarquez Hunter,LA,RB,RB,0.0,0.0,0.0,0.0,0.0,0.0,0.0,0.0,1
Josh Ross,MIN,LB,LB,0.0,0.0,0.0,0.0,0.0,0.0,0.0,0.0,4
JP Richardson,CHI,WR,WR,0.0,0.0,0.0,0.0,0.0,0.0,0.0,0.0,1
Dominique Hampton,CHI,DB,DB,0.0,0.0,0.0,0.0,0.0,0.0,0.0,0.0,2
Elias Neal,LA,LB,LB,0.0,0.0,0.0,0.0,0.0,0.0,0.0,0.0,2
Ale Kaho,WAS,LB,LB,0.0,0.0,0.0,0.0,0.0,0.0,0.0,0.0,1
Lew Nichols III,PIT,RB,RB,0.0,0.0,0.0,0.0,0.0,0.0,0.0,0.0,3
Jackson Sirmon,NO,LB,LB,0.0,0.0,0.0,0.0,0.0,0.0,0.0,0.0,2
Kain Medrano,WAS,LB,LB,0.0,0.0,0.0,0.0,0.0,0.0,0.0,0.0,1
Brennan Presley,LA,WR,WR,0.0,0.0,0.0,0.0,0.0,0.0,0.0,0.0,1
Carl Jones,BAL,LB,LB,0.0,0.0,0.0,0.0,0.0,0.0,0.0,0.0,2
Zemaiah Vaughn,MIN,DB,DB,0.0,0.0,0.0,0.0,0.0,0.0,0.0,0.0,1
Kalen King,ARI,DB,DB,0.0,0.0,0.0,0.0,0.0,0.0,0.0,0.0,2
Cody Lindenberg,LV,LB,LB,0.0,0.0,0.0,0.0,0.0,0.0,0.0,0.0,1
Cole Christiansen,KC,LB,LB,0.0,0.0,0.0,0.0,0.0,0.0,0.0,0.0,6
Ja'Markis Weston,SEA,LB,LB,0.0,0.0,0.0,0.0,0.0,0.0,0.0,0.0,1
DeeJay Dallas,JAX,RB,RB,-0.0,-0.07,0.1,-0.09,0.03,0.02,0.07899237472766885,0.0,6
Jack Bech,LV,WR,WR,-0.01,0.0,0.0,-0.15,0.0,0.14,0.3975,0.0,1
J.K. Dobbins,DEN,RB,RB,-0.01,0.0,0.12,-0.26,0.0,0.13,0.5302879291251384,0.65,6
Jaylon Jones,CHI,DB,DB,-0.01,0.0,0.0,0.0,-0.07,0.06,0.1213030095759234,0.0,4
Lance McCutcheon,TEN,WR,WR,-0.01,0.0,0.0,-0.04,0.0,0.03,0.098,0.0,4
Danny Gray,PHI,WR,WR,-0.01,0.0,0.02,-0.06,0.0,0.03,0.09375000000000001,0.0,4
Terrell Jennings,NE,RB,RB,-0.01,0.0,-0.05,0.01,0.0,0.03,0.12553571428571428,0.0,2
AJ Finley,SEA,DB,DB,-0.01,0.0,0.0,0.0,-0.03,0.02,0.04880325814536341,0.0,3
Ulysses Bentley IV,IND,RB,RB,-0.01,0.0,-0.01,0.0,0.0,0.01,0.03,0.0,1
Maurice Alexander,CHI,WR,WR,-0.01,0.0,0.0,-0.01,0.0,0.01,0.014444444444444446,0.0,6
Nikola Kalinic,CHI,TE,TE,-0.01,0.0,0.0,0.0,-0.01,0.0,0.011111111111111112,0.0,4
Jonathan Taylor,IND,RB,RB,-0.02,0.0,-0.21,-0.0,0.0,0.19,0.7666945250827604,0.65,6
Treylon Burks,WAS,WR,WR,-0.02,-0.02,-0.0,-0.2,0.0,0.2,0.5706405919661734,0.0,4
Arian Smith,NYJ,WR,WR,-0.02,0.0,0.01,-0.16,0.0,0.13,0.3825,0.0,1
Blake Whiteheart,CLE,TE,TE,-0.02,0.0,0.0,-0.09,0.0,0.06,0.21041478129713426,0.0,3
Cole Turner,MIA,TE,TE,-0.02,0.0,0.0,-0.05,0.0,0.03,0.08908064516129031,0.0,4
Malik Turner,SF,WR,WR,-0.02,0.0,0.0,-0.04,0.0,0.02,0.06956410256410256,0.0,8
Ronnie Rivers,LA,RB,RB,-0.02,0.0,-0.01,-0.03,0.0,0.02,0.06475432767966428,0.0,4
Brady Russell,SEA,RB,RB,-0.02,0.0,0.0,-0.04,0.0,0.01,0.04371717171717171,0.0,3
Ben VanSumeren,BUF,RB,RB,-0.02,0.0,0.0,-0.02,0.0,0.01,0.022972027972027968,0.0,3
Jacob Saylors,DET,RB,RB,-0.02,0.0,-0.02,0.0,0.0,0.0,0.008125,0.0,3
Cade Stover,HOU,TE,TE,-0.03,0.0,-0.27,0.11,0.0,0.13,0.44669744318181814,0.0,2
Austin Trammell,JAX,WR,WR,-0.03,0.0,0.0,-0.14,0.0,0.1,0.2876383442265796,0.0,5
Adam Prentice,DEN,RB,RB,-0.03,0.0,-0.05,-0.03,0.0,0.05,0.19704536193081085,0.1,5
Chris Brooks,GB,RB,RB,-0.03,0.0,-0.06,-0.02,0.0,0.04,0.17588176638176636,0.1,3
Grant Stuard,LA,LB,LB,-0.03,0.0,-0.31,0.0,0.26,0.03,0.06352941176470589,0.0,5
Anthony Gould,IND,WR,WR,-0.03,0.0,0.0,-0.05,0.0,0.02,0.06767045454545456,0.0,2
Joey Blount,ARI,DB,DB,-0.03,0.0,0.0,0.0,-0.04,0.01,0.012503171247357295,0.0,4
Coleman Owen,IND,WR,WR,-0.03,0.0,0.0,-0.04,0.0,0.0,0.01,0.0,1
Ameer Abdullah,JAX,RB,RB,-0.04,0.0,-0.13,0.04,0.0,0.05,0.20386048265460033,0.0,11
MarShawn Lloyd,GB,RB,RB,-0.04,0.0,-0.06,-0.01,0.0,0.04,0.14,0.0,2
Feleipe Franks,CAR,TE,TE,-0.04,-0.0,0.09,-0.13,0.0,0.01,0.03026608968946431,0.0,5
Kalel Mullings,TEN,RB,RB,-0.04,0.0,-0.05,0.0,0.0,0.01,0.021111111111111115,0.0,1
Ronnie Bell,NO,WR,WR,-0.05,0.0,0.0,-0.14,0.0,0.08,0.23438914027149324,0.0,3
Brayden Willis,SF,TE,TE,-0.05,0.0,0.0,-0.06,0.0,0.01,0.03981318681318681,0.0,3
Irvin Charles,SEA,WR,WR,-0.05,0.0,0.0,-0.06,0.0,0.01,0.02790823211875844,0.0,4
Gary Brightwell,CIN,RB,RB,-0.05,0.0,-0.14,0.08,0.0,0.01,0.021058029689608636,0.0,5
Rico Dowdle,PIT,RB,RB,-0.06,0.0,-0.27,0.1,0.0,0.11,0.45388660890712873,0.0,6
Jalen Brooks,ARI,WR,WR,-0.06,0.0,0.0,-0.17,0.0,0.1,0.29857142857142854,0.0,3
Jalen Royals,KC,WR,WR,-0.06,0.0,0.0,-0.13,0.0,0.07,0.19,0.0,1
Patrick Taylor,SF,RB,RB,-0.06,0.0,0.01,-0.12,0.0,0.05,0.18853274725274724,0.0,6
Alijah Clark,DAL,DB,DB,-0.06,0.0,0.0,0.0,-0.09,0.03,0.05727272727272728,0.0,1
Tyler Goodson,ATL,RB,RB,-0.06,0.0,-0.0,-0.07,0.0,0.02,0.08662393162393162,0.0,4
Lawrence Cager,WAS,TE,TE,-0.06,-0.01,0.0,-0.08,0.0,0.03,0.09491582491582493,0.0,6
George Holani,SEA,RB,RB,-0.06,0.0,-0.12,0.04,0.0,0.02,0.06753846153846153,0.0,2
Kedon Slovis,ARI,QB,QB,-0.06,-0.09,0.0,0.0,0.0,0.03,0.03,0.0,2
Miles Killebrew,TB,DB,DB,-0.06,-0.09,0.0,0.0,0.02,0.01,0.02174655047204067,0.0,10
Cedric Tillman,CLE,WR,WR,-0.07,0.0,-0.15,-0.12,0.0,0.21,0.5955979917518378,0.0,3
Tyler Scott,LA,WR,WR,-0.07,0.0,0.01,-0.13,0.0,0.05,0.15607655502392342,0.0,3
Jonathon Brooks,CAR,RB,RB,-0.07,0.0,-0.17,0.07,0.0,0.03,0.10999999999999999,0.0,2
Malik Cunningham,DET,WR,WR,-0.07,-0.03,-0.06,0.0,0.0,0.01,0.03685185185185185,0.0,3
Kenneth Walker III,KC,RB,RB,-0.08,0.0,-0.41,0.19,0.0,0.14,0.5495750528541227,0.0,4
Kendre Miller,NO,RB,RB,-0.08,0.0,-0.23,0.08,0.0,0.06,0.24726648351648353,0.1,3
Salvon Ahmed,CHI,RB,RB,-0.08,0.0,-0.17,0.04,0.0,0.05,0.1983579881656805,0.0,6
Brashard Smith,KC,RB,RB,-0.08,0.0,-0.06,-0.06,0.0,0.04,0.16705882352941176,0.0,1
Josh Williams,TB,RB,RB,-0.08,0.0,-0.1,0.0,0.0,0.01,0.043333333333333335,0.0,1
Tyler Conklin,DET,TE,TE,-0.09,0.0,-0.24,-0.0,0.0,0.15,0.5126694318753142,0.0,8
Chase Brown,CIN,RB,RB,-0.09,0.0,-0.18,-0.05,0.0,0.14,0.5557943690296631,0.0,3
Jaleel McLaughlin,DEN,RB,RB,-0.09,0.0,0.14,-0.28,0.0,0.05,0.19996983408748112,0.0,3
Malik Davis,DAL,RB,RB,-0.09,0.0,0.13,-0.25,0.0,0.04,0.14433179723502304,0.0,4
Troy Franklin,DEN,WR,WR,-0.1,0.0,-0.13,-0.15,0.0,0.17,0.49916258169934646,0.0,2
Patrick Ricard,NYG,RB,RB,-0.1,0.0,-0.05,-0.16,0.0,0.11,0.43309558927102787,0.3,9
Jacory Croskey-Merritt,WAS,RB,RB,-0.1,0.0,-0.21,0.01,0.0,0.1,0.3947058823529412,0.0,1
DJ Giddens,IND,RB,RB,-0.1,0.0,-0.02,-0.11,0.0,0.03,0.12000000000000001,0.0,1
Travis Homer,PIT,RB,RB,-0.1,0.0,0.0,-0.12,0.01,0.02,0.06944417989417989,0.0,7
AJ Dillon,CAR,RB,RB,-0.11,0.0,-0.21,0.04,0.0,0.07,0.26487196898961607,0.0,6
Beaux Collins,NYG,WR,WR,-0.11,0.0,0.0,-0.16,0.0,0.05,0.1377777777777778,0.0,1
Jaret Patterson,LAC,RB,RB,-0.11,0.0,-0.07,-0.07,0.0,0.04,0.15113519091847266,0.0,5
Dont'e Thornton Jr.,LV,WR,WR,-0.12,0.0,0.0,-0.28,0.0,0.16,0.45333333333333337,0.0,1
Andrew Beck,NYJ,RB,RB,-0.12,0.0,-0.04,-0.12,0.0,0.04,0.16026385118149825,0.0,7
Chris Collier,LV,RB,RB,-0.12,0.0,-0.05,-0.08,0.0,0.01,0.042499999999999996,0.1,2
D'Andre Swift,CHI,RB,RB,-0.13,-0.0,-0.31,0.03,0.0,0.15,0.5917847686082979,0.0,6
Jalin Hyatt,NYG,WR,WR,-0.13,0.0,0.0,-0.25,0.0,0.12,0.33783559577677225,0.0,3
Brandon Allen,NYG,QB,QB,-0.14,-0.77,0.0,0.0,0.0,0.63,0.6293859649122806,0.0,10
KeAndre Lambert-Smith,LAC,WR,WR,-0.14,0.0,0.0,-0.21,0.0,0.07,0.188,0.0,1
Savion Williams,GB,WR,WR,-0.14,0.0,-0.39,0.21,0.0,0.04,0.11500000000000003,0.0,1
Jha'Quan Jackson,HOU,WR,WR,-0.14,0.0,-0.12,-0.03,0.0,0.02,0.057500000000000016,0.0,2
Tommy DeVito,NE,QB,QB,-0.15,-0.52,-0.21,-0.0,0.0,0.59,0.5877777777777777,0.0,3
Tank Bigsby,PHI,RB,RB,-0.15,0.0,0.03,-0.24,0.0,0.05,0.19760767554885206,0.3,3
Jordan Mason,MIN,RB,RB,-0.16,0.0,-0.24,-0.02,0.0,0.09,0.35425091799265607,0.0,4
Kaleb Johnson,PIT,RB,RB,-0.16,0.0,-0.2,0.02,0.0,0.02,0.09100000000000001,0.0,1
Ja'Lynn Polk,NO,WR,WR,-0.17,0.0,-0.05,-0.28,0.0,0.16,0.4606666666666667,0.0,2
John Metchie III,CAR,WR,WR,-0.17,0.0,-0.23,-0.09,0.0,0.16,0.44518803418803415,0.0,4
Tyler Conklin,DET,TE,TE,-0.17,0.0,-0.24,-0.0,0.0,0.07,0.23500000000000001,0.0,8
Pierre Strong,GB,RB,RB,-0.18,0.0,-0.13,-0.07,-0.02,0.04,0.15343855803190845,0.0,4
Chris Blair,ATL,WR,WR,-0.18,0.0,0.0,-0.21,0.0,0.03,0.08504273504273503,0.0,6
Brian Robinson,ATL,RB,RB,-0.19,0.0,-0.27,-0.0,0.0,0.09,0.34243242854057165,0.0,4
Jalen Reagor,MIA,WR,WR,-0.2,0.0,-0.03,-0.29,0.0,0.12,0.33723636363636367,0.0,6
Skylar Thompson,BAL,QB,QB,-0.21,-0.47,-0.08,0.0,0.0,0.35,0.34750000000000003,0.0,4
Zach Charbonnet,SEA,RB,RB,-0.21,0.0,-0.23,-0.1,0.0,0.12,0.48756881598793367,0.0,3
Dylan Drummond,ATL,WR,WR,-0.21,0.0,0.0,-0.27,0.0,0.06,0.177119341563786,0.0,3
Elijah Arroyo,SEA,TE,TE,-0.22,0.0,0.0,-0.34,0.0,0.12,0.38571428571428573,0.0,1
Gage Larvadain,CLE,WR,WR,-0.22,-0.04,0.0,-0.26,0.0,0.08,0.2361538461538462,0.0,1
Tahj Washington,MIA,WR,WR,-0.22,0.0,0.0,-0.26,0.0,0.04,0.11285714285714286,0.0,2
Tyjae Spears,TEN,RB,RB,-0.24,0.0,-0.25,-0.11,0.0,0.12,0.46100823761457244,0.3,3
Emari Demercado,KC,RB,RB,-0.24,0.0,-0.13,-0.17,0.0,0.06,0.23700197238658777,0.0,3
Ty Chandler,NO,RB,RB,-0.24,-0.02,-0.28,0.01,0.0,0.05,0.19157774737802094,0.0,4
Konata Mumpfield,LA,WR,WR,-0.25,0.0,0.0,-0.36,0.0,0.11,0.31500000000000006,0.0,1
Alec Ingold,LAC,RB,RB,-0.25,0.0,-0.37,0.04,0.0,0.09,0.3531805374001452,0.0,7
Michael Carter,TEN,RB,RB,-0.26,0.0,-0.36,-0.02,0.0,0.12,0.46563516483516487,0.1,5
Rasheen Ali,BAL,RB,RB,-0.26,0.0,-0.23,-0.06,0.0,0.03,0.11062499999999999,0.0,2
Jaydon Blue,DAL,RB,RB,-0.28,0.0,-0.33,-0.01,0.0,0.06,0.25599999999999995,0.0,1
Tyler Badie,DEN,RB,RB,-0.28,0.0,-0.13,-0.18,0.0,0.04,0.14898148148148146,0.0,4
Will Levis,TEN,QB,QB,-0.3,-0.32,-0.85,0.0,0.0,0.87,0.8739766081871344,0.0,3
Kyle Juszczyk,SF,RB,RB,-0.31,0.0,-0.67,0.23,0.01,0.12,0.4793636738906089,0.0,13
Ollie Gordon II,MIA,RB,RB,-0.31,0.0,-0.26,-0.1,0.0,0.06,0.22411764705882353,0.0,1
Elijah Mitchell,PHI,RB,RB,-0.31,0.0,-0.07,-0.28,0.0,0.04,0.16880952380952383,0.0,5
Dylan Laube,LV,RB,RB,-0.31,0.0,-0.31,0.0,0.0,0.0,0.01951470588235294,0.0,2
Brady Cook,NYJ,QB,QB,-0.32,-1.25,-0.05,0.0,0.0,0.98,0.9800000000000001,0.0,1
Travis Etienne,NO,RB,RB,-0.32,0.0,-0.61,0.14,0.0,0.15,0.603577683378533,0.0,5
Zach Wilson,NO,QB,QB,-0.34,-0.43,-0.36,0.01,0.0,0.43,0.43386557886557886,0.0,5
Devin Singletary,NYG,RB,RB,-0.34,0.11,-0.42,-0.13,0.0,0.1,0.4005745824255628,0.0,7
Bucky Irving,TB,RB,RB,-0.34,0.0,-0.75,0.27,0.0,0.14,0.5566666666666666,0.0,2
Devin Neal,NO,RB,RB,-0.35,0.0,-0.42,-0.03,0.0,0.1,0.4,0.0,1
Breece Hall,NYJ,RB,RB,-0.36,0.08,-0.78,0.18,0.0,0.16,0.6435763142466288,0.0,4
Kyle Allen,BUF,QB,QB,-0.36,-0.34,-0.18,0.0,0.0,0.16,0.15903703703703703,0.0,8
Josh Jacobs,GB,RB,RB,-0.37,-0.02,-0.71,0.2,0.0,0.16,0.6449742332830566,0.0,7
Javonte Williams,DAL,RB,RB,-0.37,0.0,-0.14,-0.38,0.0,0.15,0.5936702069716776,0.0,5
Jerome Ford,WAS,RB,RB,-0.37,0.0,-0.37,-0.1,0.0,0.09,0.3772291790896442,0.0,4
Mason Tipton,NO,WR,WR,-0.39,0.0,-0.11,-0.41,0.0,0.13,0.3729301948051948,0.0,2
Jaylen Wright,MIA,RB,RB,-0.41,0.0,-0.47,0.01,0.0,0.05,0.19812499999999997,0.0,2
Braelon Allen,NYJ,RB,RB,-0.42,0.0,-0.57,0.09,0.0,0.06,0.2428125,0.0,2
Bam Knight,ARI,RB,RB,-0.43,0.0,-0.74,0.25,0.0,0.07,0.2815745007680492,0.0,4
Samori Toure,PHI,WR,WR,-0.43,0.0,0.0,-0.49,0.0,0.06,0.16193548387096773,0.0,4
Julius Chestnut,TEN,RB,RB,-0.43,0.0,-0.21,-0.24,0.0,0.01,0.051719106247150023,0.0,4
Carson Steele,PHI,RB,RB,-0.44,0.0,-0.4,-0.08,0.0,0.04,0.16799999999999998,0.0,2
Elijah Moore,PHI,WR,WR,-0.46,0.0,-0.25,-0.4,0.0,0.19,0.5347252261173829,0.0,5
Adonai Mitchell,NYJ,WR,WR,-0.47,0.09,-0.53,-0.19,0.0,0.16,0.4520680147058823,0.0,2
RJ Harvey,DEN,RB,RB,-0.47,-0.02,-0.74,0.19,0.0,0.11,0.43736842105263163,0.0,1
Tyrone Tracy Jr.,NYG,RB,RB,-0.48,0.0,-0.65,0.03,0.0,0.14,0.5554901960784312,0.0,2
Saquon Barkley,PHI,RB,RB,-0.49,-0.06,-0.6,-0.03,0.0,0.19,0.770822724987431,0.1,8
Chuba Hubbard,CAR,RB,RB,-0.49,0.0,-0.38,-0.24,0.0,0.14,0.5512984749455337,0.0,5
Evan Hull,HOU,RB,RB,-0.49,0.0,-0.53,0.01,0.0,0.03,0.12418803418803417,0.0,3
Rhamondre Stevenson,NE,RB,RB,-0.5,0.0,-0.79,0.14,0.0,0.15,0.6106081894866209,0.0,5
Kimani Vidal,LAC,RB,RB,-0.51,0.0,-0.69,0.06,0.0,0.12,0.4614642857142857,0.0,2
Jalen Milroe,SEA,QB,QB,-0.51,0.0,-0.53,0.0,0.0,0.02,0.02,0.0,1
Zavier Scott,MIN,RB,RB,-0.52,0.0,-0.42,-0.13,0.0,0.03,0.10187500000000001,0.0,3
Cam Skattebo,NYG,RB,RB,-0.53,0.0,-0.79,0.13,0.0,0.13,0.5225000000000001,0.0,1
Dylan Sampson,CLE,RB,RB,-0.56,0.0,-0.55,-0.07,0.0,0.07,0.26466666666666666,0.0,1
Isiah Pacheco,DET,RB,RB,-0.59,0.0,-0.67,-0.05,0.0,0.12,0.49680401510634065,0.0,4
Eric Gray,NYG,RB,RB,-0.6,0.0,-0.72,0.1,0.0,0.01,0.04898596124840469,0.0,3
Jonathan Mingo,DAL,WR,WR,-0.61,0.0,-0.35,-0.4,0.0,0.14,0.3975404725992961,0.0,3
Jawhar Jordan,HOU,RB,RB,-0.66,0.0,-0.78,0.04,0.0,0.08,0.3,0.0,2
Tahj Brooks,CIN,RB,RB,-0.67,0.0,-0.09,-0.59,0.0,0.01,0.045000000000000005,0.0,1
Trey Lance,LAC,QB,QB,-0.72,-0.86,-0.25,0.0,0.0,0.39,0.39096491228070174,0.0,5
Dameon Pierce,PHI,RB,RB,-0.75,0.0,-0.62,-0.18,0.0,0.05,0.19093582289803224,0.0,4
Woody Marks,HOU,RB,RB,-0.86,0.0,-1.07,0.07,0.0,0.13,0.5349999999999999,0.0,1
Tony Pollard,TEN,RB,RB,-0.97,0.0,-0.9,-0.23,0.0,0.16,0.629026688453159,0.0,7
Chris Oladokun,KC,QB,QB,-0.98,-0.96,-0.54,0.0,0.0,0.52,0.5229166666666666,0.0,4
Quinshon Judkins,CLE,RB,RB,-1.04,-0.05,-0.92,-0.2,0.0,0.13,0.505,0.0,1
Max Brosmer,MIN,QB,QB,-1.16,-1.62,0.0,0.0,0.0,0.45,0.45428571428571424,0.0,1
Alvin Kamara,NO,RB,RB,-1.19,0.0,-1.13,-0.23,0.0,0.17,0.6644946756946757,0.0,9
Ashton Jeanty,LV,RB,RB,-2.02,0.0,-1.88,-0.34,0.0,0.19,0.7788235294117648,0.0,1
